,query,com_sinonimos
0,"Bloco Altura 19POL Argila Comprimento 29T Largura 14UN Compressão Mínima De 2,5 Mpa","Módulo de Argila com Altura de 19 Polegadas, Comprimento de 29 Toneladas, Largura de 14 Unidades e Compressão Mínima de 2,5 Megapascals."
1,"Bloco Altura 19POL Argila Comprimento 29T Largura 14UN Compressão Mínima De 2,5 Mpa","Módulo de Argila com Altura de 19 Polegadas, Comprimento de 29 Toneladas, Largura de 14 Unidades e Compressão Mínima de 2,5 Megapascals."
2,"Bloco Altura 19POL Argila Comprimento 29T Largura 14UN Compressão Mínima De 2,5 Mpa","Módulo de Argila com Altura de 19 Polegadas, Comprimento de 29 Toneladas, Largura de 14 Unidades e Compressão Mínima de 2,5 Megapascals."
3,"Bloco Altura 19POL Argila Comprimento 29T Largura 14UN Compressão Mínima De 2,5 Mpa","Módulo de Argila com Altura de 19 Polegadas, Comprimento de 29 Toneladas, Largura de 14 Unidades e Compressão Mínima de 2,5 Megapascals."
4,"Retroescavadeira Potência Operacional Mínima 85MS Peso Vazia 6.800KG Capacidade Mínima Carregadeira 0,96M3 Capacidade Mínima Escavadeira 0,30MM2","Retroescavadeira com Potência Operacional Mínima de 85 Megassons, Peso Vazio de 6.800 Quilogramas, Capacidade Mínima de Carregadeira de 0,96 Metros Cúbicos e Capacidade Mínima de Escavadeira de 0,30 Metros Quadrados."
5,"Retroescavadeira Potência Operacional Mínima 85MS Peso Vazia 6.800KG Capacidade Mínima Carregadeira 0,96M3 Capacidade Mínima Escavadeira 0,30MM2","Retroescavadeira com Potência Operacional Mínima de 85 Megassons, Peso Vazio de 6.800 Quilogramas, Capacidade Mínima de Carregadeira de 0,96 Metros Cúbicos e Capacidade Mínima de Escavadeira de 0,30 Metros Quadrados."
6,"Retroescavadeira Potência Operacional Mínima 85MS Peso Vazia 6.800KG Capacidade Mínima Carregadeira 0,96M3 Capacidade Mínima Escavadeira 0,30MM2","Retroescavadeira com Potência Operacional Mínima de 85 Megassons, Peso Vazio de 6.800 Quilogramas, Capacidade Mínima de Carregadeira de 0,96 Metros Cúbicos e Capacidade Mínima de Escavadeira de 0,30 Metros Quadrados."
7,"Retroescavadeira Potência Operacional Mínima 85MS Peso Vazia 6.800KG Capacidade Mínima Carregadeira 0,96M3 Capacidade Mínima Escavadeira 0,30MM2","Retroescavadeira com Potência Operacional Mínima de 85 Megassons, Peso Vazio de 6.800 Quilogramas, Capacidade Mínima de Carregadeira de 0,96 Metros Cúbicos e Capacidade Mínima de Escavadeira de 0,30 Metros Quadrados."
8,Bandeja Revelação Plástico Ranhuras Fundo E Apoio Para Termômetro Altura 7L/MIN Comprimento 18POL Largura 13 Cor Bege,"Bandeja de Revelação feita de Plástico com Ranhuras no Fundo e Suporte para Termômetro, apresentando uma Altura de 7 Litros por Minuto, Comprimento de 18 Polegadas, Largura de 13 Polegadas e Cor Bege."
9,Bandeja Revelação Plástico Ranhuras Fundo E Apoio Para Termômetro Altura 7L/MIN Comprimento 18POL Largura 13 Cor Bege,"Bandeja de Revelação feita de Plástico com Ranhuras no Fundo e Suporte para Termômetro, apresentando uma Altura de 7 Litros por Minuto, Comprimento de 18 Polegadas, Largura de 13 Polegadas e Cor Bege."
10,Bandeja Revelação Plástico Ranhuras Fundo E Apoio Para Termômetro Altura 7L/MIN Comprimento 18POL Largura 13 Cor Bege,"Bandeja de Revelação feita de Plástico com Ranhuras no Fundo e Suporte para Termômetro, apresentando uma Altura de 7 Litros por Minuto, Comprimento de 18 Polegadas, Largura de 13 Polegadas e Cor Bege."
11,Bandeja Revelação Plástico Ranhuras Fundo E Apoio Para Termômetro Altura 7L/MIN Comprimento 18POL Largura 13 Cor Bege,"Bandeja de Revelação feita de Plástico com Ranhuras no Fundo e Suporte para Termômetro, apresentando uma Altura de 7 Litros por Minuto, Comprimento de 18 Polegadas, Largura de 13 Polegadas e Cor Bege."
12,Forno Mufla Aplicação Tratamento Térmico Temperatura Máxima 1.400V Largura 600MBPS Altura 400V Profundidade 680MMHG Volume 163MM,"Forno de Tratamento Térmico para Aplicação Industrial com Temperatura Máxima de 1.400 Volts, Largura de 600 Megabits por Segundo, Altura de 400 Volts, Profundidade de 680 Milímetros de Mercúrio e Volume de 163 Milímetros"
13,Forno Mufla Aplicação Tratamento Térmico Temperatura Máxima 1.400V Largura 600MBPS Altura 400V Profundidade 680MMHG Volume 163MM,"Forno de Tratamento Térmico para Aplicação Industrial com Temperatura Máxima de 1.400 Volts, Largura de 600 Megabits por Segundo, Altura de 400 Volts, Profundidade de 680 Milímetros de Mercúrio e Volume de 163 Milímetros"
14,Forno Mufla Aplicação Tratamento Térmico Temperatura Máxima 1.400V Largura 600MBPS Altura 400V Profundidade 680MMHG Volume 163MM,"Forno de Tratamento Térmico para Aplicação Industrial com Temperatura Máxima de 1.400 Volts, Largura de 600 Megabits por Segundo, Altura de 400 Volts, Profundidade de 680 Milímetros de Mercúrio e Volume de 163 Milímetros"
15,Forno Mufla Aplicação Tratamento Térmico Temperatura Máxima 1.400V Largura 600MBPS Altura 400V Profundidade 680MMHG Volume 163MM,"Forno de Tratamento Térmico para Aplicação Industrial com Temperatura Máxima de 1.400 Volts, Largura de 600 Megabits por Segundo, Altura de 400 Volts, Profundidade de 680 Milímetros de Mercúrio e Volume de 163 Milímetros"
16,Retificador Soldagem Alimentação 220/380/440VCA Freqüência 60MM Soldagem Eletrodos Até 6 Mm Diâmetro Corrente 400V Peso 250W,"Fonte de Alimentação para Soldagem com Tensão de Entrada de 220/380/440 Volts CA, Frequência de 60 Hertz, Capacidade de Soldagem com Eletrodos de até 6 Milímetros de Diâmetro, Corrente de 400 Volts e Peso de 250 Watts."
17,Retificador Soldagem Alimentação 220/380/440VCA Freqüência 60MM Soldagem Eletrodos Até 6 Mm Diâmetro Corrente 400V Peso 250W,"Fonte de Alimentação para Soldagem com Tensão de Entrada de 220/380/440 Volts CA, Frequência de 60 Hertz, Capacidade de Soldagem com Eletrodos de até 6 Milímetros de Diâmetro, Corrente de 400 Volts e Peso de 250 Watts."
18,Retificador Soldagem Alimentação 220/380/440VCA Freqüência 60MM Soldagem Eletrodos Até 6 Mm Diâmetro Corrente 400V Peso 250W,"Fonte de Alimentação para Soldagem com Tensão de Entrada de 220/380/440 Volts CA, Frequência de 60 Hertz, Capacidade de Soldagem com Eletrodos de até 6 Milímetros de Diâmetro, Corrente de 400 Volts e Peso de 250 Watts."
19,Retificador Soldagem Alimentação 220/380/440VCA Freqüência 60MM Soldagem Eletrodos Até 6 Mm Diâmetro Corrente 400V Peso 250W,"Fonte de Alimentação para Soldagem com Tensão de Entrada de 220/380/440 Volts CA, Frequência de 60 Hertz, Capacidade de Soldagem com Eletrodos de até 6 Milímetros de Diâmetro, Corrente de 400 Volts e Peso de 250 Watts."
20,"Máquina Solda Portátil Freqüência Nominal 50/60HZ Tipo Inversora Tensão BivoltV Fator Potência 0,73 Faixa Corrente 10165ªA Corrente De Entrada: 28.5ª","Máquina de Soldagem Portátil com Freqüência Nominal de 50/60 Hertz, Modelo Inversor, Tensão Bivolt, Fator de Potência de 0,73, Faixa de Corrente de 101 a 65 Amperes e Corrente de Entrada de 28,5 Amperes."
21,"Máquina Solda Portátil Freqüência Nominal 50/60HZ Tipo Inversora Tensão BivoltV Fator Potência 0,73 Faixa Corrente 10165ªA Corrente De Entrada: 28.5ª","Máquina de Soldagem Portátil com Freqüência Nominal de 50/60 Hertz, Modelo Inversor, Tensão Bivolt, Fator de Potência de 0,73, Faixa de Corrente de 101 a 65 Amperes e Corrente de Entrada de 28,5 Amperes."
22,"Máquina Solda Portátil Freqüência Nominal 50/60HZ Tipo Inversora Tensão BivoltV Fator Potência 0,73 Faixa Corrente 10165ªA Corrente De Entrada: 28.5ª","Máquina de Soldagem Portátil com Freqüência Nominal de 50/60 Hertz, Modelo Inversor, Tensão Bivolt, Fator de Potência de 0,73, Faixa de Corrente de 101 a 65 Amperes e Corrente de Entrada de 28,5 Amperes."
23,"Máquina Solda Portátil Freqüência Nominal 50/60HZ Tipo Inversora Tensão BivoltV Fator Potência 0,73 Faixa Corrente 10165ªA Corrente De Entrada: 28.5ª","Máquina de Soldagem Portátil com Freqüência Nominal de 50/60 Hertz, Modelo Inversor, Tensão Bivolt, Fator de Potência de 0,73, Faixa de Corrente de 101 a 65 Amperes e Corrente de Entrada de 28,5 Amperes."
24,Empilhadeira Elétrica Capacidade 1.500VA Corrente Alimentação Contínua Altura Elevação Garfo 3.600MM Comprimento Total 1.750RPM Largura Externa Garfo 680MMHG Peso 1.135KG Com Bateria E Carregador,"Empilhadeira Elétrica com Capacidade de 1.500 Volts-Amperes, alimentada por Corrente Contínua, altura de Elevação do Garfo de 3.600 Milímetros, Comprimento Total de 1.750 Rotações por Minuto, Largura Externa do Garfo de 680 Milímetros de Mercúrio e Peso de 1.135 Quilogramas, equipada com Bateria e Carregador."
25,Empilhadeira Elétrica Capacidade 1.500VA Corrente Alimentação Contínua Altura Elevação Garfo 3.600MM Comprimento Total 1.750RPM Largura Externa Garfo 680MMHG Peso 1.135KG Com Bateria E Carregador,"Empilhadeira Elétrica com Capacidade de 1.500 Volts-Amperes, alimentada por Corrente Contínua, altura de Elevação do Garfo de 3.600 Milímetros, Comprimento Total de 1.750 Rotações por Minuto, Largura Externa do Garfo de 680 Milímetros de Mercúrio e Peso de 1.135 Quilogramas, equipada com Bateria e Carregador."
26,Empilhadeira Elétrica Capacidade 1.500VA Corrente Alimentação Contínua Altura Elevação Garfo 3.600MM Comprimento Total 1.750RPM Largura Externa Garfo 680MMHG Peso 1.135KG Com Bateria E Carregador,"Empilhadeira Elétrica com Capacidade de 1.500 Volts-Amperes, alimentada por Corrente Contínua, altura de Elevação do Garfo de 3.600 Milímetros, Comprimento Total de 1.750 Rotações por Minuto, Largura Externa do Garfo de 680 Milímetros de Mercúrio e Peso de 1.135 Quilogramas, equipada com Bateria e Carregador."
27,Empilhadeira Elétrica Capacidade 1.500VA Corrente Alimentação Contínua Altura Elevação Garfo 3.600MM Comprimento Total 1.750RPM Largura Externa Garfo 680MMHG Peso 1.135KG Com Bateria E Carregador,"Empilhadeira Elétrica com Capacidade de 1.500 Volts-Amperes, alimentada por Corrente Contínua, altura de Elevação do Garfo de 3.600 Milímetros, Comprimento Total de 1.750 Rotações por Minuto, Largura Externa do Garfo de 680 Milímetros de Mercúrio e Peso de 1.135 Quilogramas, equipada com Bateria e Carregador."
28,"Serra Portátil Tipo Sabre Quantidade Golpes Por Minuto 2.800MM Tensão Alimentação 220/230V Capacidade Corte Madeira 90GRA Capacidade Corte Aço 90GRA Capacidade Corte Alumínio 90GRA Potência 590MM Peso 2,90L Alimentação Bateria, Freio Elétrico E Comprimento","Serra portátil do tipo sabre, realizando 2.800 golpes por minuto, alimentada por tensão de 220/230 volts, com capacidade de corte de 90 graus em madeira, aço e alumínio, potência de 590 milímetros, peso de 2,90 litros, com alimentação por bateria, freio elétrico e comprimento variável."
29,"Serra Portátil Tipo Sabre Quantidade Golpes Por Minuto 2.800MM Tensão Alimentação 220/230V Capacidade Corte Madeira 90GRA Capacidade Corte Aço 90GRA Capacidade Corte Alumínio 90GRA Potência 590MM Peso 2,90L Alimentação Bateria, Freio Elétrico E Comprimento","Serra portátil do tipo sabre, realizando 2.800 golpes por minuto, alimentada por tensão de 220/230 volts, com capacidade de corte de 90 graus em madeira, aço e alumínio, potência de 590 milímetros, peso de 2,90 litros, com alimentação por bateria, freio elétrico e comprimento variável."
30,"Serra Portátil Tipo Sabre Quantidade Golpes Por Minuto 2.800MM Tensão Alimentação 220/230V Capacidade Corte Madeira 90GRA Capacidade Corte Aço 90GRA Capacidade Corte Alumínio 90GRA Potência 590MM Peso 2,90L Alimentação Bateria, Freio Elétrico E Comprimento","Serra portátil do tipo sabre, realizando 2.800 golpes por minuto, alimentada por tensão de 220/230 volts, com capacidade de corte de 90 graus em madeira, aço e alumínio, potência de 590 milímetros, peso de 2,90 litros, com alimentação por bateria, freio elétrico e comprimento variável."
31,"Serra Portátil Tipo Sabre Quantidade Golpes Por Minuto 2.800MM Tensão Alimentação 220/230V Capacidade Corte Madeira 90GRA Capacidade Corte Aço 90GRA Capacidade Corte Alumínio 90GRA Potência 590MM Peso 2,90L Alimentação Bateria, Freio Elétrico E Comprimento","Serra portátil do tipo sabre, realizando 2.800 golpes por minuto, alimentada por tensão de 220/230 volts, com capacidade de corte de 90 graus em madeira, aço e alumínio, potência de 590 milímetros, peso de 2,90 litros, com alimentação por bateria, freio elétrico e comprimento variável."
32,"Estação Solda Tensão Alimentação 110/220V Formato Ponta Cônica Fina Curva (0,4 E 0,5mm), Cônica Curva (3,5 Controle Termostático Incluído, Com Variação De +/- 3°C Acompanha Ferro De Solda, Suporte P/ Ferro De Sol Faixa Temperatura 100 A 450°C","Estação de Soldagem com Alimentação de 110/220 Volts, apresentando Ponta Cônica Fina em formato de Curva (diâmetros de 0,4 e 0,5 milímetros), Cônica Curva (diâmetro de 3,5 milímetros) com Controle Termostático Integrado, permitindo Variação de +/- 3°C, acompanhada de Ferro de Solda e Suporte para Ferro de Solda, com Faixa de Temperatura operacional de 100 a 450 Graus Celsius."
33,"Estação Solda Tensão Alimentação 110/220V Formato Ponta Cônica Fina Curva (0,4 E 0,5mm), Cônica Curva (3,5 Controle Termostático Incluído, Com Variação De +/- 3°C Acompanha Ferro De Solda, Suporte P/ Ferro De Sol Faixa Temperatura 100 A 450°C","Estação de Soldagem com Alimentação de 110/220 Volts, apresentando Ponta Cônica Fina em formato de Curva (diâmetros de 0,4 e 0,5 milímetros), Cônica Curva (diâmetro de 3,5 milímetros) com Controle Termostático Integrado, permitindo Variação de +/- 3°C, acompanhada de Ferro de Solda e Suporte para Ferro de Solda, com Faixa de Temperatura operacional de 100 a 450 Graus Celsius."
34,"Estação Solda Tensão Alimentação 110/220V Formato Ponta Cônica Fina Curva (0,4 E 0,5mm), Cônica Curva (3,5 Controle Termostático Incluído, Com Variação De +/- 3°C Acompanha Ferro De Solda, Suporte P/ Ferro De Sol Faixa Temperatura 100 A 450°C","Estação de Soldagem com Alimentação de 110/220 Volts, apresentando Ponta Cônica Fina em formato de Curva (diâmetros de 0,4 e 0,5 milímetros), Cônica Curva (diâmetro de 3,5 milímetros) com Controle Termostático Integrado, permitindo Variação de +/- 3°C, acompanhada de Ferro de Solda e Suporte para Ferro de Solda, com Faixa de Temperatura operacional de 100 a 450 Graus Celsius."
35,"Estação Solda Tensão Alimentação 110/220V Formato Ponta Cônica Fina Curva (0,4 E 0,5mm), Cônica Curva (3,5 Controle Termostático Incluído, Com Variação De +/- 3°C Acompanha Ferro De Solda, Suporte P/ Ferro De Sol Faixa Temperatura 100 A 450°C","Estação de Soldagem com Alimentação de 110/220 Volts, apresentando Ponta Cônica Fina em formato de Curva (diâmetros de 0,4 e 0,5 milímetros), Cônica Curva (diâmetro de 3,5 milímetros) com Controle Termostático Integrado, permitindo Variação de +/- 3°C, acompanhada de Ferro de Solda e Suporte para Ferro de Solda, com Faixa de Temperatura operacional de 100 a 450 Graus Celsius."
36,"Alvo De Tiro Papel Cartão Tipo Quadrado Tamanho 55 X 55MM Alvo Para Pistola, De Competição, 25 E 50 M.","Placa de Tiro em Papelão Quadrada de 55 por 55 Milímetros para Treinamento de Pistola, Competição a 25 e 50 Metros."
37,"Alvo De Tiro Papel Cartão Tipo Quadrado Tamanho 55 X 55MM Alvo Para Pistola, De Competição, 25 E 50 M.","Placa de Tiro em Papelão Quadrada de 55 por 55 Milímetros para Treinamento de Pistola, Competição a 25 e 50 Metros."
38,"Alvo De Tiro Papel Cartão Tipo Quadrado Tamanho 55 X 55MM Alvo Para Pistola, De Competição, 25 E 50 M.","Placa de Tiro em Papelão Quadrada de 55 por 55 Milímetros para Treinamento de Pistola, Competição a 25 e 50 Metros."
39,"Alvo De Tiro Papel Cartão Tipo Quadrado Tamanho 55 X 55MM Alvo Para Pistola, De Competição, 25 E 50 M.","Placa de Tiro em Papelão Quadrada de 55 por 55 Milímetros para Treinamento de Pistola, Competição a 25 e 50 Metros."
40,Bebida Alcoólica Procedência Nacional Tipo Saquê Teor Alcoolico 15 A 35°C,Bebida Alcoólica Nacional do Tipo Saquê com Teor Alcoólico de 15 a 35 Graus Celsius
41,Bebida Alcoólica Procedência Nacional Tipo Saquê Teor Alcoolico 15 A 35°C,Bebida Alcoólica Nacional do Tipo Saquê com Teor Alcoólico de 15 a 35 Graus Celsius
42,Bebida Alcoólica Procedência Nacional Tipo Saquê Teor Alcoolico 15 A 35°C,Bebida Alcoólica Nacional do Tipo Saquê com Teor Alcoólico de 15 a 35 Graus Celsius
43,Bebida Alcoólica Procedência Nacional Tipo Saquê Teor Alcoolico 15 A 35°C,Bebida Alcoólica Nacional do Tipo Saquê com Teor Alcoólico de 15 a 35 Graus Celsius
44,Êmbolo Válvula Hidráulica Plástico Rígido Aplicação Válvula Descarga Bitola 1 1/2POL,Pistão Válvula Hidráulica de Plástico Rígido para Aplicação de Válvula de Descarga com Bitola de 1 1/2 Polegadas
45,Êmbolo Válvula Hidráulica Plástico Rígido Aplicação Válvula Descarga Bitola 1 1/2POL,Pistão Válvula Hidráulica de Plástico Rígido para Aplicação de Válvula de Descarga com Bitola de 1 1/2 Polegadas
46,Êmbolo Válvula Hidráulica Plástico Rígido Aplicação Válvula Descarga Bitola 1 1/2POL,Pistão Válvula Hidráulica de Plástico Rígido para Aplicação de Válvula de Descarga com Bitola de 1 1/2 Polegadas
47,Êmbolo Válvula Hidráulica Plástico Rígido Aplicação Válvula Descarga Bitola 1 1/2POL,Pistão Válvula Hidráulica de Plástico Rígido para Aplicação de Válvula de Descarga com Bitola de 1 1/2 Polegadas
48,Grafite Grau Msp7 Isostático Apresentação Bloco Comprimento 180°C Largura 180°C Altura 300L,"Bloco de Grafite de Grau Msp7 Isostático, apresentado em formato de Bloco, com Comprimento de 180 Milímetros, Largura de 180 Milímetros e Altura de 300 Litros."
49,Grafite Grau Msp7 Isostático Apresentação Bloco Comprimento 180°C Largura 180°C Altura 300L,"Bloco de Grafite de Grau Msp7 Isostático, apresentado em formato de Bloco, com Comprimento de 180 Milímetros, Largura de 180 Milímetros e Altura de 300 Litros."
50,Grafite Grau Msp7 Isostático Apresentação Bloco Comprimento 180°C Largura 180°C Altura 300L,"Bloco de Grafite de Grau Msp7 Isostático, apresentado em formato de Bloco, com Comprimento de 180 Milímetros, Largura de 180 Milímetros e Altura de 300 Litros."
51,Grafite Grau Msp7 Isostático Apresentação Bloco Comprimento 180°C Largura 180°C Altura 300L,"Bloco de Grafite de Grau Msp7 Isostático, apresentado em formato de Bloco, com Comprimento de 180 Milímetros, Largura de 180 Milímetros e Altura de 300 Litros."
52,"Lanterna Não Elétrica Quantidade Pilhas 2MG Tamanho Pilha Grande Alumínio Anodizado Tipo Foco Regulável Diâmetro 39,67MM Comprimento 254MM A Prova D'Água E Corrosão","Lanterna de Iluminação Não Elétrica com Capacidade para 2 Grandes Pilhas de Magnésio, Construída em Alumínio Anodizado, com Foco Regulável e Dimensões de 39,67 Milímetros de Diâmetro e 254 Milímetros de Comprimento, Resistente à Água e Corrosão."
53,"Lanterna Não Elétrica Quantidade Pilhas 2MG Tamanho Pilha Grande Alumínio Anodizado Tipo Foco Regulável Diâmetro 39,67MM Comprimento 254MM A Prova D'Água E Corrosão","Lanterna de Iluminação Não Elétrica com Capacidade para 2 Grandes Pilhas de Magnésio, Construída em Alumínio Anodizado, com Foco Regulável e Dimensões de 39,67 Milímetros de Diâmetro e 254 Milímetros de Comprimento, Resistente à Água e Corrosão."
54,"Lanterna Não Elétrica Quantidade Pilhas 2MG Tamanho Pilha Grande Alumínio Anodizado Tipo Foco Regulável Diâmetro 39,67MM Comprimento 254MM A Prova D'Água E Corrosão","Lanterna de Iluminação Não Elétrica com Capacidade para 2 Grandes Pilhas de Magnésio, Construída em Alumínio Anodizado, com Foco Regulável e Dimensões de 39,67 Milímetros de Diâmetro e 254 Milímetros de Comprimento, Resistente à Água e Corrosão."
55,"Lanterna Não Elétrica Quantidade Pilhas 2MG Tamanho Pilha Grande Alumínio Anodizado Tipo Foco Regulável Diâmetro 39,67MM Comprimento 254MM A Prova D'Água E Corrosão","Lanterna de Iluminação Não Elétrica com Capacidade para 2 Grandes Pilhas de Magnésio, Construída em Alumínio Anodizado, com Foco Regulável e Dimensões de 39,67 Milímetros de Diâmetro e 254 Milímetros de Comprimento, Resistente à Água e Corrosão."
56,Moto-Esmeril Potência Motor 1/2POL Velocidade 3.400M3/H Tensão Alimentação 110/220V Quantidade Fases Monofásico Duplo Rebolo 6 X 3/4 X 5/8 Pol,"Moto-Esmeril de Alta Potência com Motor de 1/2 Polegada, Velocidade de 3.400 Metros Cúbicos por Hora, Tensão de Alimentação de 110/220 Volts, Configuração Monofásica Dupla e Duplo Rebolo de 6 por 3/4 por 5/8 Polegadas."
57,Moto-Esmeril Potência Motor 1/2POL Velocidade 3.400M3/H Tensão Alimentação 110/220V Quantidade Fases Monofásico Duplo Rebolo 6 X 3/4 X 5/8 Pol,"Moto-Esmeril de Alta Potência com Motor de 1/2 Polegada, Velocidade de 3.400 Metros Cúbicos por Hora, Tensão de Alimentação de 110/220 Volts, Configuração Monofásica Dupla e Duplo Rebolo de 6 por 3/4 por 5/8 Polegadas."
58,Moto-Esmeril Potência Motor 1/2POL Velocidade 3.400M3/H Tensão Alimentação 110/220V Quantidade Fases Monofásico Duplo Rebolo 6 X 3/4 X 5/8 Pol,"Moto-Esmeril de Alta Potência com Motor de 1/2 Polegada, Velocidade de 3.400 Metros Cúbicos por Hora, Tensão de Alimentação de 110/220 Volts, Configuração Monofásica Dupla e Duplo Rebolo de 6 por 3/4 por 5/8 Polegadas."
59,Moto-Esmeril Potência Motor 1/2POL Velocidade 3.400M3/H Tensão Alimentação 110/220V Quantidade Fases Monofásico Duplo Rebolo 6 X 3/4 X 5/8 Pol,"Moto-Esmeril de Alta Potência com Motor de 1/2 Polegada, Velocidade de 3.400 Metros Cúbicos por Hora, Tensão de Alimentação de 110/220 Volts, Configuração Monofásica Dupla e Duplo Rebolo de 6 por 3/4 por 5/8 Polegadas."
60,"Disco Liga Mista Metais Liga Astm 260 Espessura 14,40KB/S Aplicação Munição Naval / Artilharia Diâmetro 165,20MM","Disco de Liga Mista de Metais conforme ASTM 260, com Espessura de 14,40 Quilobits por Segundo, destinado à Aplicação em Munição Naval e Artilharia, apresentando Diâmetro de 165,20 Milímetros."
61,"Disco Liga Mista Metais Liga Astm 260 Espessura 14,40KB/S Aplicação Munição Naval / Artilharia Diâmetro 165,20MM","Disco de Liga Mista de Metais conforme ASTM 260, com Espessura de 14,40 Quilobits por Segundo, destinado à Aplicação em Munição Naval e Artilharia, apresentando Diâmetro de 165,20 Milímetros."
62,"Disco Liga Mista Metais Liga Astm 260 Espessura 14,40KB/S Aplicação Munição Naval / Artilharia Diâmetro 165,20MM","Disco de Liga Mista de Metais conforme ASTM 260, com Espessura de 14,40 Quilobits por Segundo, destinado à Aplicação em Munição Naval e Artilharia, apresentando Diâmetro de 165,20 Milímetros."
63,"Disco Liga Mista Metais Liga Astm 260 Espessura 14,40KB/S Aplicação Munição Naval / Artilharia Diâmetro 165,20MM","Disco de Liga Mista de Metais conforme ASTM 260, com Espessura de 14,40 Quilobits por Segundo, destinado à Aplicação em Munição Naval e Artilharia, apresentando Diâmetro de 165,20 Milímetros."
64,Filtro Óleo Referência Fabril Psl 301 Aplicação Veículo Micro Onibus Mercedes Bens,Filtro de Óleo de Referência Fabril Psl 301 para Veículos Micro-Ônibus da Marca Mercedes-Benz.
65,Filtro Óleo Referência Fabril Psl 301 Aplicação Veículo Micro Onibus Mercedes Bens,Filtro de Óleo de Referência Fabril Psl 301 para Veículos Micro-Ônibus da Marca Mercedes-Benz.
66,Filtro Óleo Referência Fabril Psl 301 Aplicação Veículo Micro Onibus Mercedes Bens,Filtro de Óleo de Referência Fabril Psl 301 para Veículos Micro-Ônibus da Marca Mercedes-Benz.
67,Filtro Óleo Referência Fabril Psl 301 Aplicação Veículo Micro Onibus Mercedes Bens,Filtro de Óleo de Referência Fabril Psl 301 para Veículos Micro-Ônibus da Marca Mercedes-Benz.
68,"Barreira Contenção / Absorvente Polipropileno Tipo Cordão Comprimento 1,20M Cor Verde Capacidade 3UN Largura 6MM Aplicação Isolamento Líquidos Abravisos","Barreira de Contenção / Absorvente de Polipropileno do Tipo Cordão com Comprimento de 1,20 Metro, Cor Verde, Capacidade de 3 Unidades, Largura de 6 Milímetros, destinada à Aplicação de Isolamento de Líquidos e Abrasivos."
69,"Barreira Contenção / Absorvente Polipropileno Tipo Cordão Comprimento 1,20M Cor Verde Capacidade 3UN Largura 6MM Aplicação Isolamento Líquidos Abravisos","Barreira de Contenção / Absorvente de Polipropileno do Tipo Cordão com Comprimento de 1,20 Metro, Cor Verde, Capacidade de 3 Unidades, Largura de 6 Milímetros, destinada à Aplicação de Isolamento de Líquidos e Abrasivos."
70,"Barreira Contenção / Absorvente Polipropileno Tipo Cordão Comprimento 1,20M Cor Verde Capacidade 3UN Largura 6MM Aplicação Isolamento Líquidos Abravisos","Barreira de Contenção / Absorvente de Polipropileno do Tipo Cordão com Comprimento de 1,20 Metro, Cor Verde, Capacidade de 3 Unidades, Largura de 6 Milímetros, destinada à Aplicação de Isolamento de Líquidos e Abrasivos."
71,"Barreira Contenção / Absorvente Polipropileno Tipo Cordão Comprimento 1,20M Cor Verde Capacidade 3UN Largura 6MM Aplicação Isolamento Líquidos Abravisos","Barreira de Contenção / Absorvente de Polipropileno do Tipo Cordão com Comprimento de 1,20 Metro, Cor Verde, Capacidade de 3 Unidades, Largura de 6 Milímetros, destinada à Aplicação de Isolamento de Líquidos e Abrasivos."
72,Equipamento / Acessório - Apicultura Aplicação Atividades Apícolas Tipo Laminador De Cera Aço Inóx Aisi 304 Dimensões 0.60 X 0.25 X 0.75CM Voltagem 220V Controle De Temperatura Automático,"Equipamento para Apicultura - Laminador de Cera em Aço Inóxidável AISI 304 para Atividades Apícolas, com Dimensões de 0,60 por 0,25 por 0,75 Centímetros, Voltagem de 220 Volts e Controle de Temperatura Automático."
73,Equipamento / Acessório - Apicultura Aplicação Atividades Apícolas Tipo Laminador De Cera Aço Inóx Aisi 304 Dimensões 0.60 X 0.25 X 0.75CM Voltagem 220V Controle De Temperatura Automático,"Equipamento para Apicultura - Laminador de Cera em Aço Inóxidável AISI 304 para Atividades Apícolas, com Dimensões de 0,60 por 0,25 por 0,75 Centímetros, Voltagem de 220 Volts e Controle de Temperatura Automático."
74,Equipamento / Acessório - Apicultura Aplicação Atividades Apícolas Tipo Laminador De Cera Aço Inóx Aisi 304 Dimensões 0.60 X 0.25 X 0.75CM Voltagem 220V Controle De Temperatura Automático,"Equipamento para Apicultura - Laminador de Cera em Aço Inóxidável AISI 304 para Atividades Apícolas, com Dimensões de 0,60 por 0,25 por 0,75 Centímetros, Voltagem de 220 Volts e Controle de Temperatura Automático."
75,Equipamento / Acessório - Apicultura Aplicação Atividades Apícolas Tipo Laminador De Cera Aço Inóx Aisi 304 Dimensões 0.60 X 0.25 X 0.75CM Voltagem 220V Controle De Temperatura Automático,"Equipamento para Apicultura - Laminador de Cera em Aço Inóxidável AISI 304 para Atividades Apícolas, com Dimensões de 0,60 por 0,25 por 0,75 Centímetros, Voltagem de 220 Volts e Controle de Temperatura Automático."
76,Óleo Combustível Viscosidade 960 Mm2/S Tipo Ocb2 Teor Enxofre Máximo De 1% Massa De Enxofre,"Óleo Combustível de Alta Viscosidade 960 Milímetros Quadrados por Segundo, Classe Ocb2, com teor de Enxofre máximo de 1 por cento e Massa de Enxofre."
77,Óleo Combustível Viscosidade 960 Mm2/S Tipo Ocb2 Teor Enxofre Máximo De 1% Massa De Enxofre,"Óleo Combustível de Alta Viscosidade 960 Milímetros Quadrados por Segundo, Classe Ocb2, com teor de Enxofre máximo de 1 por cento e Massa de Enxofre."
78,Óleo Combustível Viscosidade 960 Mm2/S Tipo Ocb2 Teor Enxofre Máximo De 1% Massa De Enxofre,"Óleo Combustível de Alta Viscosidade 960 Milímetros Quadrados por Segundo, Classe Ocb2, com teor de Enxofre máximo de 1 por cento e Massa de Enxofre."
79,Óleo Combustível Viscosidade 960 Mm2/S Tipo Ocb2 Teor Enxofre Máximo De 1% Massa De Enxofre,"Óleo Combustível de Alta Viscosidade 960 Milímetros Quadrados por Segundo, Classe Ocb2, com teor de Enxofre máximo de 1 por cento e Massa de Enxofre."
80,Adubo Animal Húmus De Minhoca Apresentação Orgânico Decomposto,Fertilizante Orgânico à base de Húmus de Minhoca Decompostado
81,Adubo Animal Húmus De Minhoca Apresentação Orgânico Decomposto,Fertilizante Orgânico à base de Húmus de Minhoca Decompostado
82,Adubo Animal Húmus De Minhoca Apresentação Orgânico Decomposto,Fertilizante Orgânico à base de Húmus de Minhoca Decompostado
83,Adubo Animal Húmus De Minhoca Apresentação Orgânico Decomposto,Fertilizante Orgânico à base de Húmus de Minhoca Decompostado
84,Bandeira Sinalização Polipropileno Tipo Experimentos Em Campo Formato Quadrado Cor Vermelha Comprimento 10CM Largura 9MM Com Haste De Fibra De Vidro,"Bandeira de Sinalização feita de Polipropileno para Experimentos em Campo, em Formato Quadrado, com Cor Vermelha, Comprimento de 10 Centímetros, Largura de 9 Milímetros e haste confeccionada em Fibra de Vidro."
85,Bandeira Sinalização Polipropileno Tipo Experimentos Em Campo Formato Quadrado Cor Vermelha Comprimento 10CM Largura 9MM Com Haste De Fibra De Vidro,"Bandeira de Sinalização feita de Polipropileno para Experimentos em Campo, em Formato Quadrado, com Cor Vermelha, Comprimento de 10 Centímetros, Largura de 9 Milímetros e haste confeccionada em Fibra de Vidro."
86,Bandeira Sinalização Polipropileno Tipo Experimentos Em Campo Formato Quadrado Cor Vermelha Comprimento 10CM Largura 9MM Com Haste De Fibra De Vidro,"Bandeira de Sinalização feita de Polipropileno para Experimentos em Campo, em Formato Quadrado, com Cor Vermelha, Comprimento de 10 Centímetros, Largura de 9 Milímetros e haste confeccionada em Fibra de Vidro."
87,Bandeira Sinalização Polipropileno Tipo Experimentos Em Campo Formato Quadrado Cor Vermelha Comprimento 10CM Largura 9MM Com Haste De Fibra De Vidro,"Bandeira de Sinalização feita de Polipropileno para Experimentos em Campo, em Formato Quadrado, com Cor Vermelha, Comprimento de 10 Centímetros, Largura de 9 Milímetros e haste confeccionada em Fibra de Vidro."
88,"Escrivaninha Madeira Mdf Revestimento Recouro Padrão Acabamento Laca Altura 75 Largura 2,20M Profundidade 70MIN","Mesa de Escritório em Madeira MDF com Revestimento Recurso Padrão, Acabamento em Laca, altura de 75 centímetros, Largura de 2,20 metros e Profundidade de 70 minutos."
89,"Escrivaninha Madeira Mdf Revestimento Recouro Padrão Acabamento Laca Altura 75 Largura 2,20M Profundidade 70MIN","Mesa de Escritório em Madeira MDF com Revestimento Recurso Padrão, Acabamento em Laca, altura de 75 centímetros, Largura de 2,20 metros e Profundidade de 70 minutos."
90,"Escrivaninha Madeira Mdf Revestimento Recouro Padrão Acabamento Laca Altura 75 Largura 2,20M Profundidade 70MIN","Mesa de Escritório em Madeira MDF com Revestimento Recurso Padrão, Acabamento em Laca, altura de 75 centímetros, Largura de 2,20 metros e Profundidade de 70 minutos."
91,"Escrivaninha Madeira Mdf Revestimento Recouro Padrão Acabamento Laca Altura 75 Largura 2,20M Profundidade 70MIN","Mesa de Escritório em Madeira MDF com Revestimento Recurso Padrão, Acabamento em Laca, altura de 75 centímetros, Largura de 2,20 metros e Profundidade de 70 minutos."
92,"Terminal Bateria Tipo Positivo Aplicação Vbco Ap M109 A3/A5 Referência 5940-00-549-6581, P/N Ms75004-1,Manual Tm9-2350-31 Metal","Terminal de Bateria do Tipo Positivo para Aplicação Vbco Ap M109 A3/A5, com Referência 5940-00-549-6581, P/N Ms75004-1, e Manual Tm9-2350-31, construído em Metal."
93,"Terminal Bateria Tipo Positivo Aplicação Vbco Ap M109 A3/A5 Referência 5940-00-549-6581, P/N Ms75004-1,Manual Tm9-2350-31 Metal","Terminal de Bateria do Tipo Positivo para Aplicação Vbco Ap M109 A3/A5, com Referência 5940-00-549-6581, P/N Ms75004-1, e Manual Tm9-2350-31, construído em Metal."
94,"Terminal Bateria Tipo Positivo Aplicação Vbco Ap M109 A3/A5 Referência 5940-00-549-6581, P/N Ms75004-1,Manual Tm9-2350-31 Metal","Terminal de Bateria do Tipo Positivo para Aplicação Vbco Ap M109 A3/A5, com Referência 5940-00-549-6581, P/N Ms75004-1, e Manual Tm9-2350-31, construído em Metal."
95,"Terminal Bateria Tipo Positivo Aplicação Vbco Ap M109 A3/A5 Referência 5940-00-549-6581, P/N Ms75004-1,Manual Tm9-2350-31 Metal","Terminal de Bateria do Tipo Positivo para Aplicação Vbco Ap M109 A3/A5, com Referência 5940-00-549-6581, P/N Ms75004-1, e Manual Tm9-2350-31, construído em Metal."
96,Acessório/Componente Elétrico Eletrônico Tipo Suporte Conico Duplo Plástico Dielétrico De Alta Resistência Aplicação Ancoragem De Cabos Ópticos E Cabo Flat Drop Tipo Fixação Braçadeira Bap Dimensões Da Roldana:  40 X 20 X 10 Mm,"Componente Elétrico de Tipo Suporte Conico Duplo feito de Material Plástico Dielétrico de Alta Resistência, destinado à Ancoragem de Cabos Ópticos e Cabo Flat Drop, com sistema de Fixação por Braçadeira BAP e Dimensões da Roldana de 40 por 20 por 10 Milímetros."
97,Acessório/Componente Elétrico Eletrônico Tipo Suporte Conico Duplo Plástico Dielétrico De Alta Resistência Aplicação Ancoragem De Cabos Ópticos E Cabo Flat Drop Tipo Fixação Braçadeira Bap Dimensões Da Roldana:  40 X 20 X 10 Mm,"Componente Elétrico de Tipo Suporte Conico Duplo feito de Material Plástico Dielétrico de Alta Resistência, destinado à Ancoragem de Cabos Ópticos e Cabo Flat Drop, com sistema de Fixação por Braçadeira BAP e Dimensões da Roldana de 40 por 20 por 10 Milímetros."
98,Acessório/Componente Elétrico Eletrônico Tipo Suporte Conico Duplo Plástico Dielétrico De Alta Resistência Aplicação Ancoragem De Cabos Ópticos E Cabo Flat Drop Tipo Fixação Braçadeira Bap Dimensões Da Roldana:  40 X 20 X 10 Mm,"Componente Elétrico de Tipo Suporte Conico Duplo feito de Material Plástico Dielétrico de Alta Resistência, destinado à Ancoragem de Cabos Ópticos e Cabo Flat Drop, com sistema de Fixação por Braçadeira BAP e Dimensões da Roldana de 40 por 20 por 10 Milímetros."
99,Acessório/Componente Elétrico Eletrônico Tipo Suporte Conico Duplo Plástico Dielétrico De Alta Resistência Aplicação Ancoragem De Cabos Ópticos E Cabo Flat Drop Tipo Fixação Braçadeira Bap Dimensões Da Roldana:  40 X 20 X 10 Mm,"Componente Elétrico de Tipo Suporte Conico Duplo feito de Material Plástico Dielétrico de Alta Resistência, destinado à Ancoragem de Cabos Ópticos e Cabo Flat Drop, com sistema de Fixação por Braçadeira BAP e Dimensões da Roldana de 40 por 20 por 10 Milímetros."
100,Detector Metais Formato Raquete Tensão Alimentação 9MM Plástico Abs,Detector de Metais em Formato de Raquete com Tensão de Alimentação de 9 Volts e Caixa de Plástico Absorvente
101,Detector Metais Formato Raquete Tensão Alimentação 9MM Plástico Abs,Detector de Metais em Formato de Raquete com Tensão de Alimentação de 9 Volts e Caixa de Plástico Absorvente
102,Detector Metais Formato Raquete Tensão Alimentação 9MM Plástico Abs,Detector de Metais em Formato de Raquete com Tensão de Alimentação de 9 Volts e Caixa de Plástico Absorvente
103,Detector Metais Formato Raquete Tensão Alimentação 9MM Plástico Abs,Detector de Metais em Formato de Raquete com Tensão de Alimentação de 9 Volts e Caixa de Plástico Absorvente
104,"Tubo Porta-Documento Papelão Kraft Diâmetro Interno 4,50CM Comprimento 34POL Aplicação Acondicionar Plantas, Documentos, Mapas, Cartazes Tampa De Encaixe Por Pressão, Frisos Dourados","Canecão de Papel Kraft para Acondicionar Materiais com Diâmetro Interno de 4,50 Centímetros, Comprimento de 34 Polegadas, Aplicação para Proteger Plantas, Documentos, Mapas, Cartazes, com Tampas de Encaixe por Pressão e Ornamentos Dourados."
105,"Tubo Porta-Documento Papelão Kraft Diâmetro Interno 4,50CM Comprimento 34POL Aplicação Acondicionar Plantas, Documentos, Mapas, Cartazes Tampa De Encaixe Por Pressão, Frisos Dourados","Canecão de Papel Kraft para Acondicionar Materiais com Diâmetro Interno de 4,50 Centímetros, Comprimento de 34 Polegadas, Aplicação para Proteger Plantas, Documentos, Mapas, Cartazes, com Tampas de Encaixe por Pressão e Ornamentos Dourados."
106,"Tubo Porta-Documento Papelão Kraft Diâmetro Interno 4,50CM Comprimento 34POL Aplicação Acondicionar Plantas, Documentos, Mapas, Cartazes Tampa De Encaixe Por Pressão, Frisos Dourados","Canecão de Papel Kraft para Acondicionar Materiais com Diâmetro Interno de 4,50 Centímetros, Comprimento de 34 Polegadas, Aplicação para Proteger Plantas, Documentos, Mapas, Cartazes, com Tampas de Encaixe por Pressão e Ornamentos Dourados."
107,"Tubo Porta-Documento Papelão Kraft Diâmetro Interno 4,50CM Comprimento 34POL Aplicação Acondicionar Plantas, Documentos, Mapas, Cartazes Tampa De Encaixe Por Pressão, Frisos Dourados","Canecão de Papel Kraft para Acondicionar Materiais com Diâmetro Interno de 4,50 Centímetros, Comprimento de 34 Polegadas, Aplicação para Proteger Plantas, Documentos, Mapas, Cartazes, com Tampas de Encaixe por Pressão e Ornamentos Dourados."
108,"Despolpadeira Frutas Aço Inoxidável Escova Alumínio Comprimento 68,50MM Largura 81,50MM Altura 22AWG Capacidade Produção 60MM Voltagem 220V","Despolpadora de Frutas em Aço Inoxidável com Escova de Alumínio, comprimento de 68,50 Milímetros, largura de 81,50 Milímetros, altura de 22 American Wire Gauge e capacidade de produção de 60 Milímetros, funcionando com uma voltagem de 220 Volts."
109,"Despolpadeira Frutas Aço Inoxidável Escova Alumínio Comprimento 68,50MM Largura 81,50MM Altura 22AWG Capacidade Produção 60MM Voltagem 220V","Despolpadora de Frutas em Aço Inoxidável com Escova de Alumínio, comprimento de 68,50 Milímetros, largura de 81,50 Milímetros, altura de 22 American Wire Gauge e capacidade de produção de 60 Milímetros, funcionando com uma voltagem de 220 Volts."
110,"Despolpadeira Frutas Aço Inoxidável Escova Alumínio Comprimento 68,50MM Largura 81,50MM Altura 22AWG Capacidade Produção 60MM Voltagem 220V","Despolpadora de Frutas em Aço Inoxidável com Escova de Alumínio, comprimento de 68,50 Milímetros, largura de 81,50 Milímetros, altura de 22 American Wire Gauge e capacidade de produção de 60 Milímetros, funcionando com uma voltagem de 220 Volts."
111,"Despolpadeira Frutas Aço Inoxidável Escova Alumínio Comprimento 68,50MM Largura 81,50MM Altura 22AWG Capacidade Produção 60MM Voltagem 220V","Despolpadora de Frutas em Aço Inoxidável com Escova de Alumínio, comprimento de 68,50 Milímetros, largura de 81,50 Milímetros, altura de 22 American Wire Gauge e capacidade de produção de 60 Milímetros, funcionando com uma voltagem de 220 Volts."
112,Lâmina Limpeza Máquina Copiadora Plástico Aplicação Impressora Igen3 Xerox Referência 035k08600,"Lâmina de Limpeza para Máquina de Copiar Plástica, Ideal para Impressoras Igen3 Xerox, com Referência 035k08600."
113,Lâmina Limpeza Máquina Copiadora Plástico Aplicação Impressora Igen3 Xerox Referência 035k08600,"Lâmina de Limpeza para Máquina de Copiar Plástica, Ideal para Impressoras Igen3 Xerox, com Referência 035k08600."
114,Lâmina Limpeza Máquina Copiadora Plástico Aplicação Impressora Igen3 Xerox Referência 035k08600,"Lâmina de Limpeza para Máquina de Copiar Plástica, Ideal para Impressoras Igen3 Xerox, com Referência 035k08600."
115,Lâmina Limpeza Máquina Copiadora Plástico Aplicação Impressora Igen3 Xerox Referência 035k08600,"Lâmina de Limpeza para Máquina de Copiar Plástica, Ideal para Impressoras Igen3 Xerox, com Referência 035k08600."
116,Mangueira Radiador Veículo Automotivo Tipo Superior Referência 2to/121101 Aplicação Veículo Volkswagen Worker 15.210 4x4 Diesel,"Tubo de Radiador para Veículo Automotivo de Alto Desempenho, Modelo de Referência 2to/121101, destinado a Veículos Volkswagen Worker 15.210 4x4 Diesel."
117,Mangueira Radiador Veículo Automotivo Tipo Superior Referência 2to/121101 Aplicação Veículo Volkswagen Worker 15.210 4x4 Diesel,"Tubo de Radiador para Veículo Automotivo de Alto Desempenho, Modelo de Referência 2to/121101, destinado a Veículos Volkswagen Worker 15.210 4x4 Diesel."
118,Mangueira Radiador Veículo Automotivo Tipo Superior Referência 2to/121101 Aplicação Veículo Volkswagen Worker 15.210 4x4 Diesel,"Tubo de Radiador para Veículo Automotivo de Alto Desempenho, Modelo de Referência 2to/121101, destinado a Veículos Volkswagen Worker 15.210 4x4 Diesel."
119,Mangueira Radiador Veículo Automotivo Tipo Superior Referência 2to/121101 Aplicação Veículo Volkswagen Worker 15.210 4x4 Diesel,"Tubo de Radiador para Veículo Automotivo de Alto Desempenho, Modelo de Referência 2to/121101, destinado a Veículos Volkswagen Worker 15.210 4x4 Diesel."
120,Chumbo Aspecto Físico Sólido Apresentação Barra Aplicação Ontrapeso Para Balanceamento De Rodas 5 Gramas; Encaixe: Garra,"Lingote de Chumbo com Forma Sólida em Barra, utilizada como Contrapeso para Balanceamento de Rodas, com Peso de 5 Gramas, com Encaixe tipo Garra."
121,Chumbo Aspecto Físico Sólido Apresentação Barra Aplicação Ontrapeso Para Balanceamento De Rodas 5 Gramas; Encaixe: Garra,"Lingote de Chumbo com Forma Sólida em Barra, utilizada como Contrapeso para Balanceamento de Rodas, com Peso de 5 Gramas, com Encaixe tipo Garra."
122,Chumbo Aspecto Físico Sólido Apresentação Barra Aplicação Ontrapeso Para Balanceamento De Rodas 5 Gramas; Encaixe: Garra,"Lingote de Chumbo com Forma Sólida em Barra, utilizada como Contrapeso para Balanceamento de Rodas, com Peso de 5 Gramas, com Encaixe tipo Garra."
123,Chumbo Aspecto Físico Sólido Apresentação Barra Aplicação Ontrapeso Para Balanceamento De Rodas 5 Gramas; Encaixe: Garra,"Lingote de Chumbo com Forma Sólida em Barra, utilizada como Contrapeso para Balanceamento de Rodas, com Peso de 5 Gramas, com Encaixe tipo Garra."
124,Bisturi Descartável Cabo Cabo De Plástico Lâmina Lâmina Aço Inoxidável Tamanho Lâmina 20AWG Esterilidade Estéril Sistema De Segurança Segundo Nr/32,"Instrumento Cirúrgico Descartável com Cabo de Plástico, Lâmina de Aço Inoxidável de 20 Gauge, Esterilizado e Seguro, Classe Estéril, Sistema de Proteção Nr/32."
125,Bisturi Descartável Cabo Cabo De Plástico Lâmina Lâmina Aço Inoxidável Tamanho Lâmina 20AWG Esterilidade Estéril Sistema De Segurança Segundo Nr/32,"Instrumento Cirúrgico Descartável com Cabo de Plástico, Lâmina de Aço Inoxidável de 20 Gauge, Esterilizado e Seguro, Classe Estéril, Sistema de Proteção Nr/32."
126,Bisturi Descartável Cabo Cabo De Plástico Lâmina Lâmina Aço Inoxidável Tamanho Lâmina 20AWG Esterilidade Estéril Sistema De Segurança Segundo Nr/32,"Instrumento Cirúrgico Descartável com Cabo de Plástico, Lâmina de Aço Inoxidável de 20 Gauge, Esterilizado e Seguro, Classe Estéril, Sistema de Proteção Nr/32."
127,Bisturi Descartável Cabo Cabo De Plástico Lâmina Lâmina Aço Inoxidável Tamanho Lâmina 20AWG Esterilidade Estéril Sistema De Segurança Segundo Nr/32,"Instrumento Cirúrgico Descartável com Cabo de Plástico, Lâmina de Aço Inoxidável de 20 Gauge, Esterilizado e Seguro, Classe Estéril, Sistema de Proteção Nr/32."
128,Polvaroma Apresentação Pó Amrelado Sabor Laranja Aplicação Fabricação De Medicamento De Uso Humano,"Pó de Polvaroma em apresentação aromática com sabor de laranja, utilizado na fabricação de medicamentos para uso humano."
129,Polvaroma Apresentação Pó Amrelado Sabor Laranja Aplicação Fabricação De Medicamento De Uso Humano,"Pó de Polvaroma em apresentação aromática com sabor de laranja, utilizado na fabricação de medicamentos para uso humano."
130,Polvaroma Apresentação Pó Amrelado Sabor Laranja Aplicação Fabricação De Medicamento De Uso Humano,"Pó de Polvaroma em apresentação aromática com sabor de laranja, utilizado na fabricação de medicamentos para uso humano."
131,Polvaroma Apresentação Pó Amrelado Sabor Laranja Aplicação Fabricação De Medicamento De Uso Humano,"Pó de Polvaroma em apresentação aromática com sabor de laranja, utilizado na fabricação de medicamentos para uso humano."
132,Tenda Inflável Rip Stop-250 Tratamento Superficial Impermeabilizado Tensão BivoltV Acessórios Tela De Nylon Aplicação Eventos Diversos E Sinalização Conforme Modelo Comprimento 1UN Largura 6MM Altura 4MG,"Tenda Inflável Rip Stop-250 com Tratamento Superficial Impermeabilizado, Tensão Bivolt, Acessórios de Tela de Nylon, indicada para Eventos Diversos e Sinalização, de acordo com o Modelo, com Comprimento de 1 Unidade, Largura de 6 Milímetros e Altura de 4 Megagramas."
133,Tenda Inflável Rip Stop-250 Tratamento Superficial Impermeabilizado Tensão BivoltV Acessórios Tela De Nylon Aplicação Eventos Diversos E Sinalização Conforme Modelo Comprimento 1UN Largura 6MM Altura 4MG,"Tenda Inflável Rip Stop-250 com Tratamento Superficial Impermeabilizado, Tensão Bivolt, Acessórios de Tela de Nylon, indicada para Eventos Diversos e Sinalização, de acordo com o Modelo, com Comprimento de 1 Unidade, Largura de 6 Milímetros e Altura de 4 Megagramas."
134,Tenda Inflável Rip Stop-250 Tratamento Superficial Impermeabilizado Tensão BivoltV Acessórios Tela De Nylon Aplicação Eventos Diversos E Sinalização Conforme Modelo Comprimento 1UN Largura 6MM Altura 4MG,"Tenda Inflável Rip Stop-250 com Tratamento Superficial Impermeabilizado, Tensão Bivolt, Acessórios de Tela de Nylon, indicada para Eventos Diversos e Sinalização, de acordo com o Modelo, com Comprimento de 1 Unidade, Largura de 6 Milímetros e Altura de 4 Megagramas."
135,Tenda Inflável Rip Stop-250 Tratamento Superficial Impermeabilizado Tensão BivoltV Acessórios Tela De Nylon Aplicação Eventos Diversos E Sinalização Conforme Modelo Comprimento 1UN Largura 6MM Altura 4MG,"Tenda Inflável Rip Stop-250 com Tratamento Superficial Impermeabilizado, Tensão Bivolt, Acessórios de Tela de Nylon, indicada para Eventos Diversos e Sinalização, de acordo com o Modelo, com Comprimento de 1 Unidade, Largura de 6 Milímetros e Altura de 4 Megagramas."
136,"Baú Ferramentas Chapa Aço Acabamento Superficial Pintura Eletrostática Cor Azul Comprimento 500UI Largura 160MM Altura 185CM Peso 2,80M/MIN Com Bandeja E Lingueta Para Cadeado","Caixa de Ferramentas em Chapa de Aço com Acabamento Superficial em Pintura Eletrostática Azul, Comprimento de 500 Unidades de Interface, Largura de 160 Milímetros, Altura de 185 Centímetros, Peso de 2,80 Metros por Minuto, Equipada com Bandeja e Lingueta para Cadeado."
137,"Baú Ferramentas Chapa Aço Acabamento Superficial Pintura Eletrostática Cor Azul Comprimento 500UI Largura 160MM Altura 185CM Peso 2,80M/MIN Com Bandeja E Lingueta Para Cadeado","Caixa de Ferramentas em Chapa de Aço com Acabamento Superficial em Pintura Eletrostática Azul, Comprimento de 500 Unidades de Interface, Largura de 160 Milímetros, Altura de 185 Centímetros, Peso de 2,80 Metros por Minuto, Equipada com Bandeja e Lingueta para Cadeado."
138,"Baú Ferramentas Chapa Aço Acabamento Superficial Pintura Eletrostática Cor Azul Comprimento 500UI Largura 160MM Altura 185CM Peso 2,80M/MIN Com Bandeja E Lingueta Para Cadeado","Caixa de Ferramentas em Chapa de Aço com Acabamento Superficial em Pintura Eletrostática Azul, Comprimento de 500 Unidades de Interface, Largura de 160 Milímetros, Altura de 185 Centímetros, Peso de 2,80 Metros por Minuto, Equipada com Bandeja e Lingueta para Cadeado."
139,"Baú Ferramentas Chapa Aço Acabamento Superficial Pintura Eletrostática Cor Azul Comprimento 500UI Largura 160MM Altura 185CM Peso 2,80M/MIN Com Bandeja E Lingueta Para Cadeado","Caixa de Ferramentas em Chapa de Aço com Acabamento Superficial em Pintura Eletrostática Azul, Comprimento de 500 Unidades de Interface, Largura de 160 Milímetros, Altura de 185 Centímetros, Peso de 2,80 Metros por Minuto, Equipada com Bandeja e Lingueta para Cadeado."
140,"Calibrador Radiação Voltagem 100/240V Frequência 50/60HZ Aplicação Medição De Radioatividade De Radiofármacos Resolução De 0,1 Microcurie","Calibrador de Radiação para Medição de Radioatividade de Radiofármacos, operando com uma Faixa de Voltagem de 100 a 240 Volts, Frequência de 50 a 60 Hertz, e apresentando uma Resolução de 0,1 Microcurie."
141,"Calibrador Radiação Voltagem 100/240V Frequência 50/60HZ Aplicação Medição De Radioatividade De Radiofármacos Resolução De 0,1 Microcurie","Calibrador de Radiação para Medição de Radioatividade de Radiofármacos, operando com uma Faixa de Voltagem de 100 a 240 Volts, Frequência de 50 a 60 Hertz, e apresentando uma Resolução de 0,1 Microcurie."
142,"Calibrador Radiação Voltagem 100/240V Frequência 50/60HZ Aplicação Medição De Radioatividade De Radiofármacos Resolução De 0,1 Microcurie","Calibrador de Radiação para Medição de Radioatividade de Radiofármacos, operando com uma Faixa de Voltagem de 100 a 240 Volts, Frequência de 50 a 60 Hertz, e apresentando uma Resolução de 0,1 Microcurie."
143,"Calibrador Radiação Voltagem 100/240V Frequência 50/60HZ Aplicação Medição De Radioatividade De Radiofármacos Resolução De 0,1 Microcurie","Calibrador de Radiação para Medição de Radioatividade de Radiofármacos, operando com uma Faixa de Voltagem de 100 a 240 Volts, Frequência de 50 a 60 Hertz, e apresentando uma Resolução de 0,1 Microcurie."
144,Forro Gesso Sulfato De Cálcio Apresentação Gesso Acartonado Aplicação Teto Ambiente Comercial Acabamento Superficial Natural Comprimento 1.243MM Largura 618MM Espessura 8MB,"Forro de Gesso Sulfato de Cálcio em Apresentação de Gesso Acartonado, indicado para Aplicação em Tetos de Ambientes Comerciais, com Acabamento Superficial Natural, Comprimento de 1.243 Milímetros, Largura de 618 Milímetros e Espessura de 8 Megabits."
145,Forro Gesso Sulfato De Cálcio Apresentação Gesso Acartonado Aplicação Teto Ambiente Comercial Acabamento Superficial Natural Comprimento 1.243MM Largura 618MM Espessura 8MB,"Forro de Gesso Sulfato de Cálcio em Apresentação de Gesso Acartonado, indicado para Aplicação em Tetos de Ambientes Comerciais, com Acabamento Superficial Natural, Comprimento de 1.243 Milímetros, Largura de 618 Milímetros e Espessura de 8 Megabits."
146,Forro Gesso Sulfato De Cálcio Apresentação Gesso Acartonado Aplicação Teto Ambiente Comercial Acabamento Superficial Natural Comprimento 1.243MM Largura 618MM Espessura 8MB,"Forro de Gesso Sulfato de Cálcio em Apresentação de Gesso Acartonado, indicado para Aplicação em Tetos de Ambientes Comerciais, com Acabamento Superficial Natural, Comprimento de 1.243 Milímetros, Largura de 618 Milímetros e Espessura de 8 Megabits."
147,Forro Gesso Sulfato De Cálcio Apresentação Gesso Acartonado Aplicação Teto Ambiente Comercial Acabamento Superficial Natural Comprimento 1.243MM Largura 618MM Espessura 8MB,"Forro de Gesso Sulfato de Cálcio em Apresentação de Gesso Acartonado, indicado para Aplicação em Tetos de Ambientes Comerciais, com Acabamento Superficial Natural, Comprimento de 1.243 Milímetros, Largura de 618 Milímetros e Espessura de 8 Megabits."
148,Gás Refrigeração Tipo R 22 Aplicação Câmara De Congelamento -18°C,"Refrigente para Câmara de Congelação com Temperatura de -18 Graus Celsius, utilizando o Tipo R 22 para Refrigeração."
149,Gás Refrigeração Tipo R 22 Aplicação Câmara De Congelamento -18°C,"Refrigente para Câmara de Congelação com Temperatura de -18 Graus Celsius, utilizando o Tipo R 22 para Refrigeração."
150,Gás Refrigeração Tipo R 22 Aplicação Câmara De Congelamento -18°C,"Refrigente para Câmara de Congelação com Temperatura de -18 Graus Celsius, utilizando o Tipo R 22 para Refrigeração."
151,Gás Refrigeração Tipo R 22 Aplicação Câmara De Congelamento -18°C,"Refrigente para Câmara de Congelação com Temperatura de -18 Graus Celsius, utilizando o Tipo R 22 para Refrigeração."
152,Anodo Matéria-Prima Cádmio,Eletrodo de Matéria-Prima feito de Cádmio.
153,Anodo Matéria-Prima Cádmio,Eletrodo de Matéria-Prima feito de Cádmio.
154,Anodo Matéria-Prima Cádmio,Eletrodo de Matéria-Prima feito de Cádmio.
155,Anodo Matéria-Prima Cádmio,Eletrodo de Matéria-Prima feito de Cádmio.
156,Tira Reagente Papel Aplicação Quantitativo De Cloro Até 200 Ppm,Tira Reactiva de Papel para Análise Quantitativa de Cloro até 200 Partes por Milhão.
157,Tira Reagente Papel Aplicação Quantitativo De Cloro Até 200 Ppm,Tira Reactiva de Papel para Análise Quantitativa de Cloro até 200 Partes por Milhão.
158,Tira Reagente Papel Aplicação Quantitativo De Cloro Até 200 Ppm,Tira Reactiva de Papel para Análise Quantitativa de Cloro até 200 Partes por Milhão.
159,Tira Reagente Papel Aplicação Quantitativo De Cloro Até 200 Ppm,Tira Reactiva de Papel para Análise Quantitativa de Cloro até 200 Partes por Milhão.
160,Disquete Tamanho 3 1/2POL Capacidade 1.44MB Taxa Densidade 2 Hd,Unidade de Armazenamento de Dados de 3 1/2 Polegadas com Capacidade de 1.44 Megabytes e Taxa de Densidade de 2 Cabeças.
161,Disquete Tamanho 3 1/2POL Capacidade 1.44MB Taxa Densidade 2 Hd,Unidade de Armazenamento de Dados de 3 1/2 Polegadas com Capacidade de 1.44 Megabytes e Taxa de Densidade de 2 Cabeças.
162,Disquete Tamanho 3 1/2POL Capacidade 1.44MB Taxa Densidade 2 Hd,Unidade de Armazenamento de Dados de 3 1/2 Polegadas com Capacidade de 1.44 Megabytes e Taxa de Densidade de 2 Cabeças.
163,Disquete Tamanho 3 1/2POL Capacidade 1.44MB Taxa Densidade 2 Hd,Unidade de Armazenamento de Dados de 3 1/2 Polegadas com Capacidade de 1.44 Megabytes e Taxa de Densidade de 2 Cabeças.
164,"""Doce Leite"" Ingredientes Leite Integral/Edulcorantes/Sorbitol/Sucralose Prazo Validade Mínimo 12UN Tipo Cremoso Dietético/Com Registro No Mapa - Sif/Dipoa","Creme de Leite com Ingredientes à base de Leite Integral, Edulcorantes, Sorbitol e Sucralose, com Prazo de Validade Mínimo de 12 Unidades, do tipo Cremoso Dietético, Registrado no Mapa - Sif/Dipoa."
165,"""Doce Leite"" Ingredientes Leite Integral/Edulcorantes/Sorbitol/Sucralose Prazo Validade Mínimo 12UN Tipo Cremoso Dietético/Com Registro No Mapa - Sif/Dipoa","Creme de Leite com Ingredientes à base de Leite Integral, Edulcorantes, Sorbitol e Sucralose, com Prazo de Validade Mínimo de 12 Unidades, do tipo Cremoso Dietético, Registrado no Mapa - Sif/Dipoa."
166,"""Doce Leite"" Ingredientes Leite Integral/Edulcorantes/Sorbitol/Sucralose Prazo Validade Mínimo 12UN Tipo Cremoso Dietético/Com Registro No Mapa - Sif/Dipoa","Creme de Leite com Ingredientes à base de Leite Integral, Edulcorantes, Sorbitol e Sucralose, com Prazo de Validade Mínimo de 12 Unidades, do tipo Cremoso Dietético, Registrado no Mapa - Sif/Dipoa."
167,"""Doce Leite"" Ingredientes Leite Integral/Edulcorantes/Sorbitol/Sucralose Prazo Validade Mínimo 12UN Tipo Cremoso Dietético/Com Registro No Mapa - Sif/Dipoa","Creme de Leite com Ingredientes à base de Leite Integral, Edulcorantes, Sorbitol e Sucralose, com Prazo de Validade Mínimo de 12 Unidades, do tipo Cremoso Dietético, Registrado no Mapa - Sif/Dipoa."
168,Bujão Óleo Abastecimento Referência 14325311 Aplicação Fiat Doblo Modelo: Atractive Uso Diferencial,"Aditivo de Óleo para Abastecimento com Referência 14325311, destinado ao Modelo Fiat Doblo Atractive, com Aplicação Diferencial."
169,Bujão Óleo Abastecimento Referência 14325311 Aplicação Fiat Doblo Modelo: Atractive Uso Diferencial,"Aditivo de Óleo para Abastecimento com Referência 14325311, destinado ao Modelo Fiat Doblo Atractive, com Aplicação Diferencial."
170,Bujão Óleo Abastecimento Referência 14325311 Aplicação Fiat Doblo Modelo: Atractive Uso Diferencial,"Aditivo de Óleo para Abastecimento com Referência 14325311, destinado ao Modelo Fiat Doblo Atractive, com Aplicação Diferencial."
171,Bujão Óleo Abastecimento Referência 14325311 Aplicação Fiat Doblo Modelo: Atractive Uso Diferencial,"Aditivo de Óleo para Abastecimento com Referência 14325311, destinado ao Modelo Fiat Doblo Atractive, com Aplicação Diferencial."
172,Folheto Nao Tecnico Papel Couchê Tipo Flyer Medida 15 X 21CM Tipo Impressão 4/0 Conforme Modelo,"Panfleto não Técnico em Papel Couchê do Tipo Flyer, com Dimensões de 15 por 21 Centímetros, Tipo de Impressão 4/0, Conforme Modelo."
173,Folheto Nao Tecnico Papel Couchê Tipo Flyer Medida 15 X 21CM Tipo Impressão 4/0 Conforme Modelo,"Panfleto não Técnico em Papel Couchê do Tipo Flyer, com Dimensões de 15 por 21 Centímetros, Tipo de Impressão 4/0, Conforme Modelo."
174,Folheto Nao Tecnico Papel Couchê Tipo Flyer Medida 15 X 21CM Tipo Impressão 4/0 Conforme Modelo,"Panfleto não Técnico em Papel Couchê do Tipo Flyer, com Dimensões de 15 por 21 Centímetros, Tipo de Impressão 4/0, Conforme Modelo."
175,Folheto Nao Tecnico Papel Couchê Tipo Flyer Medida 15 X 21CM Tipo Impressão 4/0 Conforme Modelo,"Panfleto não Técnico em Papel Couchê do Tipo Flyer, com Dimensões de 15 por 21 Centímetros, Tipo de Impressão 4/0, Conforme Modelo."
176,Tesoura Costura Aço Inoxidável Comprimento 12AWG Tipo Tecelão/Tesourete,"Tesoura para Costura feita de Aço Inoxidável, com Comprimento de 12 American Wire Gauge, ideal para Tecelagem/Tesouraria."
177,Tesoura Costura Aço Inoxidável Comprimento 12AWG Tipo Tecelão/Tesourete,"Tesoura para Costura feita de Aço Inoxidável, com Comprimento de 12 American Wire Gauge, ideal para Tecelagem/Tesouraria."
178,Tesoura Costura Aço Inoxidável Comprimento 12AWG Tipo Tecelão/Tesourete,"Tesoura para Costura feita de Aço Inoxidável, com Comprimento de 12 American Wire Gauge, ideal para Tecelagem/Tesouraria."
179,Tesoura Costura Aço Inoxidável Comprimento 12AWG Tipo Tecelão/Tesourete,"Tesoura para Costura feita de Aço Inoxidável, com Comprimento de 12 American Wire Gauge, ideal para Tecelagem/Tesouraria."
180,Óleo Isolante Tipo Base Mineral Naftênico Viscosidade Máxima A 40°C 11CM Viscosidade Máxima A 100ºc 3UN Ponto Fulgor 140MS Ponto Fluidez Mínima -12° C Aplicação Transformador/Equipamento Manobra,"Óleo Isolante de Base Mineral Naftênica com Viscosidade Máxima de 11 Centímetros a 40 Graus Celsius, Viscosidade Máxima de 3 Unidades a 100 Graus Celsius, Ponto de Fulgor de 140 Milissegundos, Ponto de Fluidez Mínima de -12 Graus Celsius, destinado à Aplicação em Transformadores e Equipamentos de Manobra."
181,Óleo Isolante Tipo Base Mineral Naftênico Viscosidade Máxima A 40°C 11CM Viscosidade Máxima A 100ºc 3UN Ponto Fulgor 140MS Ponto Fluidez Mínima -12° C Aplicação Transformador/Equipamento Manobra,"Óleo Isolante de Base Mineral Naftênica com Viscosidade Máxima de 11 Centímetros a 40 Graus Celsius, Viscosidade Máxima de 3 Unidades a 100 Graus Celsius, Ponto de Fulgor de 140 Milissegundos, Ponto de Fluidez Mínima de -12 Graus Celsius, destinado à Aplicação em Transformadores e Equipamentos de Manobra."
182,Óleo Isolante Tipo Base Mineral Naftênico Viscosidade Máxima A 40°C 11CM Viscosidade Máxima A 100ºc 3UN Ponto Fulgor 140MS Ponto Fluidez Mínima -12° C Aplicação Transformador/Equipamento Manobra,"Óleo Isolante de Base Mineral Naftênica com Viscosidade Máxima de 11 Centímetros a 40 Graus Celsius, Viscosidade Máxima de 3 Unidades a 100 Graus Celsius, Ponto de Fulgor de 140 Milissegundos, Ponto de Fluidez Mínima de -12 Graus Celsius, destinado à Aplicação em Transformadores e Equipamentos de Manobra."
183,Óleo Isolante Tipo Base Mineral Naftênico Viscosidade Máxima A 40°C 11CM Viscosidade Máxima A 100ºc 3UN Ponto Fulgor 140MS Ponto Fluidez Mínima -12° C Aplicação Transformador/Equipamento Manobra,"Óleo Isolante de Base Mineral Naftênica com Viscosidade Máxima de 11 Centímetros a 40 Graus Celsius, Viscosidade Máxima de 3 Unidades a 100 Graus Celsius, Ponto de Fulgor de 140 Milissegundos, Ponto de Fluidez Mínima de -12 Graus Celsius, destinado à Aplicação em Transformadores e Equipamentos de Manobra."
184,Balanceadora De Rodas Tipo Balanceamento Estático E Dinâmico Acionamento Motor Tensão Alimentação 220V Precisão 2MG Faixa Larguras Rodas 1 A 20POL Faixa Diâmetros Rodas 12 A 22POL,"Balanceadora de Rodas para Balanceamento Estático e Dinâmico, acionada por Motor com Tensão de Alimentação de 220 Volts, Precisão de 2 Miligramas, suportando Faixa de Larguras de Rodas de 1 a 20 Polegadas e Faixa de Diâmetros de Rodas de 12 a 22 Polegadas."
185,Balanceadora De Rodas Tipo Balanceamento Estático E Dinâmico Acionamento Motor Tensão Alimentação 220V Precisão 2MG Faixa Larguras Rodas 1 A 20POL Faixa Diâmetros Rodas 12 A 22POL,"Balanceadora de Rodas para Balanceamento Estático e Dinâmico, acionada por Motor com Tensão de Alimentação de 220 Volts, Precisão de 2 Miligramas, suportando Faixa de Larguras de Rodas de 1 a 20 Polegadas e Faixa de Diâmetros de Rodas de 12 a 22 Polegadas."
186,Balanceadora De Rodas Tipo Balanceamento Estático E Dinâmico Acionamento Motor Tensão Alimentação 220V Precisão 2MG Faixa Larguras Rodas 1 A 20POL Faixa Diâmetros Rodas 12 A 22POL,"Balanceadora de Rodas para Balanceamento Estático e Dinâmico, acionada por Motor com Tensão de Alimentação de 220 Volts, Precisão de 2 Miligramas, suportando Faixa de Larguras de Rodas de 1 a 20 Polegadas e Faixa de Diâmetros de Rodas de 12 a 22 Polegadas."
187,Balanceadora De Rodas Tipo Balanceamento Estático E Dinâmico Acionamento Motor Tensão Alimentação 220V Precisão 2MG Faixa Larguras Rodas 1 A 20POL Faixa Diâmetros Rodas 12 A 22POL,"Balanceadora de Rodas para Balanceamento Estático e Dinâmico, acionada por Motor com Tensão de Alimentação de 220 Volts, Precisão de 2 Miligramas, suportando Faixa de Larguras de Rodas de 1 a 20 Polegadas e Faixa de Diâmetros de Rodas de 12 a 22 Polegadas."
188,Bancada Profissional Aço Carbono E Compensado Naval Comprimento 200V Largura 60MM Altura 92MM Espessura 40X Aplicação Laboratório Tampo Compensado Naval Ou Pinus E Envernizado De 4 Componentes 2 Gavetas Com Cadeado,"Bancada Laboratorial de Aço Carbono e Compensado Naval, com Comprimento de 200 Volts, Largura de 60 Milímetros, Altura de 92 Milímetros e Espessura de 40, destinada ao Uso em Laboratório, com Tampo Compensado Naval ou Pinus Envernizado de 4 Componentes, 2 Gavetas com Cadeado."
189,Bancada Profissional Aço Carbono E Compensado Naval Comprimento 200V Largura 60MM Altura 92MM Espessura 40X Aplicação Laboratório Tampo Compensado Naval Ou Pinus E Envernizado De 4 Componentes 2 Gavetas Com Cadeado,"Bancada Laboratorial de Aço Carbono e Compensado Naval, com Comprimento de 200 Volts, Largura de 60 Milímetros, Altura de 92 Milímetros e Espessura de 40, destinada ao Uso em Laboratório, com Tampo Compensado Naval ou Pinus Envernizado de 4 Componentes, 2 Gavetas com Cadeado."
190,Bancada Profissional Aço Carbono E Compensado Naval Comprimento 200V Largura 60MM Altura 92MM Espessura 40X Aplicação Laboratório Tampo Compensado Naval Ou Pinus E Envernizado De 4 Componentes 2 Gavetas Com Cadeado,"Bancada Laboratorial de Aço Carbono e Compensado Naval, com Comprimento de 200 Volts, Largura de 60 Milímetros, Altura de 92 Milímetros e Espessura de 40, destinada ao Uso em Laboratório, com Tampo Compensado Naval ou Pinus Envernizado de 4 Componentes, 2 Gavetas com Cadeado."
191,Bancada Profissional Aço Carbono E Compensado Naval Comprimento 200V Largura 60MM Altura 92MM Espessura 40X Aplicação Laboratório Tampo Compensado Naval Ou Pinus E Envernizado De 4 Componentes 2 Gavetas Com Cadeado,"Bancada Laboratorial de Aço Carbono e Compensado Naval, com Comprimento de 200 Volts, Largura de 60 Milímetros, Altura de 92 Milímetros e Espessura de 40, destinada ao Uso em Laboratório, com Tampo Compensado Naval ou Pinus Envernizado de 4 Componentes, 2 Gavetas com Cadeado."
192,"Acoplamento Elástico Poliuretano Modelo Ômega E70m Rexnord Aplicação Bomba D'Água Bipartido, Diãmetro Externo 356mm","Conjunto Elástico de Poliuretano Modelo Ômega E70m Rexnord para Uso em Bombas D'Água Bipartidas, com Diâmetro Externo de 356 Milímetros"
193,"Acoplamento Elástico Poliuretano Modelo Ômega E70m Rexnord Aplicação Bomba D'Água Bipartido, Diãmetro Externo 356mm","Conjunto Elástico de Poliuretano Modelo Ômega E70m Rexnord para Uso em Bombas D'Água Bipartidas, com Diâmetro Externo de 356 Milímetros"
194,"Acoplamento Elástico Poliuretano Modelo Ômega E70m Rexnord Aplicação Bomba D'Água Bipartido, Diãmetro Externo 356mm","Conjunto Elástico de Poliuretano Modelo Ômega E70m Rexnord para Uso em Bombas D'Água Bipartidas, com Diâmetro Externo de 356 Milímetros"
195,"Acoplamento Elástico Poliuretano Modelo Ômega E70m Rexnord Aplicação Bomba D'Água Bipartido, Diãmetro Externo 356mm","Conjunto Elástico de Poliuretano Modelo Ômega E70m Rexnord para Uso em Bombas D'Água Bipartidas, com Diâmetro Externo de 356 Milímetros"
196,Anticorrosivo Apresentação Líquido Aspecto Físico Líquido Viscoso Composição Aditivos Lubrificantes E Anticorrosivos Outros Componentes Lubrificante,"Produto Anticorrosivo em Formato Líquido com Aparência Física de Líquido Viscoso, composto por Aditivos Lubrificantes e Anticorrosivos, além de Outros Componentes Lubrificantes."
197,Anticorrosivo Apresentação Líquido Aspecto Físico Líquido Viscoso Composição Aditivos Lubrificantes E Anticorrosivos Outros Componentes Lubrificante,"Produto Anticorrosivo em Formato Líquido com Aparência Física de Líquido Viscoso, composto por Aditivos Lubrificantes e Anticorrosivos, além de Outros Componentes Lubrificantes."
198,Anticorrosivo Apresentação Líquido Aspecto Físico Líquido Viscoso Composição Aditivos Lubrificantes E Anticorrosivos Outros Componentes Lubrificante,"Produto Anticorrosivo em Formato Líquido com Aparência Física de Líquido Viscoso, composto por Aditivos Lubrificantes e Anticorrosivos, além de Outros Componentes Lubrificantes."
199,Anticorrosivo Apresentação Líquido Aspecto Físico Líquido Viscoso Composição Aditivos Lubrificantes E Anticorrosivos Outros Componentes Lubrificante,"Produto Anticorrosivo em Formato Líquido com Aparência Física de Líquido Viscoso, composto por Aditivos Lubrificantes e Anticorrosivos, além de Outros Componentes Lubrificantes."
