,index,Unnamed: 0,ID_MATERIAL,MATERIAL_TEXT,erros_digitacao
0,0,38,508151,"Bloco Altura 19POL Argila Comprimento 29T Largura 14UN Compressão Mínima De 2,5 Mpa","Bloco Altura 19POL Argila Comprimento 29T Largura 14UN Compressão Mínima De 2,5 Mpa"
1,1,38,508151,"Bloco Altura 19POL Argila Comprimento 29T Largura 14UN Compressão Mínima De 2,5 Mpa","Bloco Altura 19POL Argila Comprimento 29T Largura 14UN Compressão Mínima De 2,5 Mpa"
2,2,38,508151,"Bloco Altura 19POL Argila Comprimento 29T Largura 14UN Compressão Mínima De 2,5 Mpa","Bloco Altura 19POL Argila Comprimento 29T Largura 14UN Compressão Mínima De 2,5 Mpa"
3,3,39,508151,"Bloco Altura 19POL Argila Comprimento 29T Largura 14UN Compressão Mínima De 2,5 Mpa","Bloco Altura 19POL Argila Comprimento 29T Largura 14UN Compressão Mínima De 2,5 Mpa"
4,4,26,581197,"Retroescavadeira Potência Operacional Mínima 85MS Peso Vazia 6.800KG Capacidade Mínima Carregadeira 0,96M3 Capacidade Mínima Escavadeira 0,30MM2","Retroescavadeira Potência Operacnal Mínima 85MS Peso Vzia 6.800KG Capcidade Mínima Carregadreira 0,96M3 Capacidade Mínima Escavadeira 0,30MM2"
5,5,26,581197,"Retroescavadeira Potência Operacional Mínima 85MS Peso Vazia 6.800KG Capacidade Mínima Carregadeira 0,96M3 Capacidade Mínima Escavadeira 0,30MM2","Retroescavadeira Potência Operacnal Mínima 85MS Peso Vzia 6.800KG Capcidade Mínima Carregadreira 0,96M3 Capacidade Mínima Escavadeira 0,30MM2"
6,6,26,581197,"Retroescavadeira Potência Operacional Mínima 85MS Peso Vazia 6.800KG Capacidade Mínima Carregadeira 0,96M3 Capacidade Mínima Escavadeira 0,30MM2","Retroescavadeira Potência Operacnal Mínima 85MS Peso Vzia 6.800KG Capcidade Mínima Carregadreira 0,96M3 Capacidade Mínima Escavadeira 0,30MM2"
7,7,27,581197,"Retroescavadeira Potência Operacional Mínima 85MS Peso Vazia 6.800KG Capacidade Mínima Carregadeira 0,96M3 Capacidade Mínima Escavadeira 0,30MM2","Retroescavadeira Potência Operacnal Mínima 85MS Peso Vzia 6.800KG Capcidade Mínima Carregadreira 0,96M3 Capacidade Mínima Escavadeira 0,30MM2"
8,8,0,475502,Bandeja Revelação Plástico Ranhuras Fundo E Apoio Para Termômetro Altura 7L/MIN Comprimento 18POL Largura 13 Cor Bege,Bandeja Revelação Plástico Ranuras Fundo E Apoio Para Termômetro Altura 7L/MIN Comprimeno 18POL Largura
9,9,0,475502,Bandeja Revelação Plástico Ranhuras Fundo E Apoio Para Termômetro Altura 7L/MIN Comprimento 18POL Largura 13 Cor Bege,Bandeja Revelação Plástico Ranuras Fundo E Apoio Para Termômetro Altura 7L/MIN Comprimeno 18POL Largura
10,10,0,475502,Bandeja Revelação Plástico Ranhuras Fundo E Apoio Para Termômetro Altura 7L/MIN Comprimento 18POL Largura 13 Cor Bege,Bandeja Revelação Plástico Ranuras Fundo E Apoio Para Termômetro Altura 7L/MIN Comprimeno 18POL Largura
11,11,1,475502,Bandeja Revelação Plástico Ranhuras Fundo E Apoio Para Termômetro Altura 7L/MIN Comprimento 18POL Largura 13 Cor Bege,Bandeja Revelação Plástico Ranuras Fundo E Apoio Para Termômetro Altura 7L/MIN Comprimeno 18POL Largura
12,12,2,476587,Forno Mufla Aplicação Tratamento Térmico Temperatura Máxima 1.400V Largura 600MBPS Altura 400V Profundidade 680MMHG Volume 163MM,Forno Mufla Aplcação Tratamento Térmico Tempertura Máxima 1.400V Largura 600MBPS Altura 400V Profundidade 680MMHG Volume 163MM
13,13,2,476587,Forno Mufla Aplicação Tratamento Térmico Temperatura Máxima 1.400V Largura 600MBPS Altura 400V Profundidade 680MMHG Volume 163MM,Forno Mufla Aplcação Tratamento Térmico Tempertura Máxima 1.400V Largura 600MBPS Altura 400V Profundidade 680MMHG Volume 163MM
14,14,2,476587,Forno Mufla Aplicação Tratamento Térmico Temperatura Máxima 1.400V Largura 600MBPS Altura 400V Profundidade 680MMHG Volume 163MM,Forno Mufla Aplcação Tratamento Térmico Tempertura Máxima 1.400V Largura 600MBPS Altura 400V Profundidade 680MMHG Volume 163MM
15,15,3,476587,Forno Mufla Aplicação Tratamento Térmico Temperatura Máxima 1.400V Largura 600MBPS Altura 400V Profundidade 680MMHG Volume 163MM,Forno Mufla Aplcação Tratamento Térmico Tempertura Máxima 1.400V Largura 600MBPS Altura 400V Profundidade 680MMHG Volume 163MM
16,16,4,476635,Retificador Soldagem Alimentação 220/380/440VCA Freqüência 60MM Soldagem Eletrodos Até 6 Mm Diâmetro Corrente 400V Peso 250W,Retificador Soldag Alimentção 220/380/440VCA Freqüência 60MM Soldagem Eletrodos Até 6 Mm Diâmetro Corrente 400V Peso 250W
17,17,4,476635,Retificador Soldagem Alimentação 220/380/440VCA Freqüência 60MM Soldagem Eletrodos Até 6 Mm Diâmetro Corrente 400V Peso 250W,Retificador Soldag Alimentção 220/380/440VCA Freqüência 60MM Soldagem Eletrodos Até 6 Mm Diâmetro Corrente 400V Peso 250W
18,18,4,476635,Retificador Soldagem Alimentação 220/380/440VCA Freqüência 60MM Soldagem Eletrodos Até 6 Mm Diâmetro Corrente 400V Peso 250W,Retificador Soldag Alimentção 220/380/440VCA Freqüência 60MM Soldagem Eletrodos Até 6 Mm Diâmetro Corrente 400V Peso 250W
19,19,5,476635,Retificador Soldagem Alimentação 220/380/440VCA Freqüência 60MM Soldagem Eletrodos Até 6 Mm Diâmetro Corrente 400V Peso 250W,Retificador Soldag Alimentção 220/380/440VCA Freqüência 60MM Soldagem Eletrodos Até 6 Mm Diâmetro Corrente 400V Peso 250W
20,20,6,476644,"Máquina Solda Portátil Freqüência Nominal 50/60HZ Tipo Inversora Tensão BivoltV Fator Potência 0,73 Faixa Corrente 10165ªA Corrente De Entrada: 28.5ª","Máquna Solda Portátil Freqüência Noninal 50/60HZ Tipo Inversora Tensão BivoltV Fator Potência 0,73 Faixa Corrente 10165ªA Corrente De Entrda: 28.5ª"
21,21,6,476644,"Máquina Solda Portátil Freqüência Nominal 50/60HZ Tipo Inversora Tensão BivoltV Fator Potência 0,73 Faixa Corrente 10165ªA Corrente De Entrada: 28.5ª","Máquna Solda Portátil Freqüência Noninal 50/60HZ Tipo Inversora Tensão BivoltV Fator Potência 0,73 Faixa Corrente 10165ªA Corrente De Entrda: 28.5ª"
22,22,6,476644,"Máquina Solda Portátil Freqüência Nominal 50/60HZ Tipo Inversora Tensão BivoltV Fator Potência 0,73 Faixa Corrente 10165ªA Corrente De Entrada: 28.5ª","Máquna Solda Portátil Freqüência Noninal 50/60HZ Tipo Inversora Tensão BivoltV Fator Potência 0,73 Faixa Corrente 10165ªA Corrente De Entrda: 28.5ª"
23,23,7,476644,"Máquina Solda Portátil Freqüência Nominal 50/60HZ Tipo Inversora Tensão BivoltV Fator Potência 0,73 Faixa Corrente 10165ªA Corrente De Entrada: 28.5ª","Máquna Solda Portátil Freqüência Noninal 50/60HZ Tipo Inversora Tensão BivoltV Fator Potência 0,73 Faixa Corrente 10165ªA Corrente De Entrda: 28.5ª"
24,24,8,476989,Empilhadeira Elétrica Capacidade 1.500VA Corrente Alimentação Contínua Altura Elevação Garfo 3.600MM Comprimento Total 1.750RPM Largura Externa Garfo 680MMHG Peso 1.135KG Com Bateria E Carregador,Empilhadeira Elétrica Capadidade 1.500VA Corrente Alimentação Contínua Altura Elevação Garfo 3.600MM Compriment Total 1.750RPM Largura Externa Garfo 680MMHG Peso 1.135KG Com Batrria E Carregador
25,25,8,476989,Empilhadeira Elétrica Capacidade 1.500VA Corrente Alimentação Contínua Altura Elevação Garfo 3.600MM Comprimento Total 1.750RPM Largura Externa Garfo 680MMHG Peso 1.135KG Com Bateria E Carregador,Empilhadeira Elétrica Capadidade 1.500VA Corrente Alimentação Contínua Altura Elevação Garfo 3.600MM Compriment Total 1.750RPM Largura Externa Garfo 680MMHG Peso 1.135KG Com Batrria E Carregador
26,26,8,476989,Empilhadeira Elétrica Capacidade 1.500VA Corrente Alimentação Contínua Altura Elevação Garfo 3.600MM Comprimento Total 1.750RPM Largura Externa Garfo 680MMHG Peso 1.135KG Com Bateria E Carregador,Empilhadeira Elétrica Capadidade 1.500VA Corrente Alimentação Contínua Altura Elevação Garfo 3.600MM Compriment Total 1.750RPM Largura Externa Garfo 680MMHG Peso 1.135KG Com Batrria E Carregador
27,27,9,476989,Empilhadeira Elétrica Capacidade 1.500VA Corrente Alimentação Contínua Altura Elevação Garfo 3.600MM Comprimento Total 1.750RPM Largura Externa Garfo 680MMHG Peso 1.135KG Com Bateria E Carregador,Empilhadeira Elétrica Capadidade 1.500VA Corrente Alimentação Contínua Altura Elevação Garfo 3.600MM Compriment Total 1.750RPM Largura Externa Garfo 680MMHG Peso 1.135KG Com Batrria E Carregador
28,28,10,478509,"Serra Portátil Tipo Sabre Quantidade Golpes Por Minuto 2.800MM Tensão Alimentação 220/230V Capacidade Corte Madeira 90GRA Capacidade Corte Aço 90GRA Capacidade Corte Alumínio 90GRA Potência 590MM Peso 2,90L Alimentação Bateria, Freio Elétrico E Comprimento","Serra Portetil Tipo Sasbre Quantidade Golps Por Minito 2.800MM Tensão Alimentazção 220/230V Capacidade Corte Madeira 90GRA Capacdade Corte Aço 90GRA Capacidade Corte Alimínio 90GRA Potência 590MM Peso 2,90L Alimentação Bateria, Freio Elétrico E Compimento"
29,29,10,478509,"Serra Portátil Tipo Sabre Quantidade Golpes Por Minuto 2.800MM Tensão Alimentação 220/230V Capacidade Corte Madeira 90GRA Capacidade Corte Aço 90GRA Capacidade Corte Alumínio 90GRA Potência 590MM Peso 2,90L Alimentação Bateria, Freio Elétrico E Comprimento","Serra Portetil Tipo Sasbre Quantidade Golps Por Minito 2.800MM Tensão Alimentazção 220/230V Capacidade Corte Madeira 90GRA Capacdade Corte Aço 90GRA Capacidade Corte Alimínio 90GRA Potência 590MM Peso 2,90L Alimentação Bateria, Freio Elétrico E Compimento"
30,30,10,478509,"Serra Portátil Tipo Sabre Quantidade Golpes Por Minuto 2.800MM Tensão Alimentação 220/230V Capacidade Corte Madeira 90GRA Capacidade Corte Aço 90GRA Capacidade Corte Alumínio 90GRA Potência 590MM Peso 2,90L Alimentação Bateria, Freio Elétrico E Comprimento","Serra Portetil Tipo Sasbre Quantidade Golps Por Minito 2.800MM Tensão Alimentazção 220/230V Capacidade Corte Madeira 90GRA Capacdade Corte Aço 90GRA Capacidade Corte Alimínio 90GRA Potência 590MM Peso 2,90L Alimentação Bateria, Freio Elétrico E Compimento"
31,31,11,478509,"Serra Portátil Tipo Sabre Quantidade Golpes Por Minuto 2.800MM Tensão Alimentação 220/230V Capacidade Corte Madeira 90GRA Capacidade Corte Aço 90GRA Capacidade Corte Alumínio 90GRA Potência 590MM Peso 2,90L Alimentação Bateria, Freio Elétrico E Comprimento","Serra Portetil Tipo Sasbre Quantidade Golps Por Minito 2.800MM Tensão Alimentazção 220/230V Capacidade Corte Madeira 90GRA Capacdade Corte Aço 90GRA Capacidade Corte Alimínio 90GRA Potência 590MM Peso 2,90L Alimentação Bateria, Freio Elétrico E Compimento"
32,32,12,480052,"Estação Solda Tensão Alimentação 110/220V Formato Ponta Cônica Fina Curva (0,4 E 0,5mm), Cônica Curva (3,5 Controle Termostático Incluído, Com Variação De +/- 3°C Acompanha Ferro De Solda, Suporte P/ Ferro De Sol Faixa Temperatura 100 A 450°C","Estção Solda Tensão Alimenta ção 110/220V Formato Ponta Cônica Fina Curva (0,4 E 0,5mm), Cônica Curva (3,5 Controle Termostático Incluído, Com Variação De +/- 3°C Acompanha Ferro De Soida, Suporte P/ Ferro De Sol Faixa Temperatura 100 A 450°C"
33,33,12,480052,"Estação Solda Tensão Alimentação 110/220V Formato Ponta Cônica Fina Curva (0,4 E 0,5mm), Cônica Curva (3,5 Controle Termostático Incluído, Com Variação De +/- 3°C Acompanha Ferro De Solda, Suporte P/ Ferro De Sol Faixa Temperatura 100 A 450°C","Estção Solda Tensão Alimenta ção 110/220V Formato Ponta Cônica Fina Curva (0,4 E 0,5mm), Cônica Curva (3,5 Controle Termostático Incluído, Com Variação De +/- 3°C Acompanha Ferro De Soida, Suporte P/ Ferro De Sol Faixa Temperatura 100 A 450°C"
34,34,12,480052,"Estação Solda Tensão Alimentação 110/220V Formato Ponta Cônica Fina Curva (0,4 E 0,5mm), Cônica Curva (3,5 Controle Termostático Incluído, Com Variação De +/- 3°C Acompanha Ferro De Solda, Suporte P/ Ferro De Sol Faixa Temperatura 100 A 450°C","Estção Solda Tensão Alimenta ção 110/220V Formato Ponta Cônica Fina Curva (0,4 E 0,5mm), Cônica Curva (3,5 Controle Termostático Incluído, Com Variação De +/- 3°C Acompanha Ferro De Soida, Suporte P/ Ferro De Sol Faixa Temperatura 100 A 450°C"
35,35,13,480052,"Estação Solda Tensão Alimentação 110/220V Formato Ponta Cônica Fina Curva (0,4 E 0,5mm), Cônica Curva (3,5 Controle Termostático Incluído, Com Variação De +/- 3°C Acompanha Ferro De Solda, Suporte P/ Ferro De Sol Faixa Temperatura 100 A 450°C","Estção Solda Tensão Alimenta ção 110/220V Formato Ponta Cônica Fina Curva (0,4 E 0,5mm), Cônica Curva (3,5 Controle Termostático Incluído, Com Variação De +/- 3°C Acompanha Ferro De Soida, Suporte P/ Ferro De Sol Faixa Temperatura 100 A 450°C"
36,36,14,497941,"Alvo De Tiro Papel Cartão Tipo Quadrado Tamanho 55 X 55MM Alvo Para Pistola, De Competição, 25 E 50 M.","Alvo De Tiro Papel Cartão Tipo Quadrsdo Tamanh 55 X 55MM Alvo Para Pistola, De Competição, 25 E 50 M."
37,37,14,497941,"Alvo De Tiro Papel Cartão Tipo Quadrado Tamanho 55 X 55MM Alvo Para Pistola, De Competição, 25 E 50 M.","Alvo De Tiro Papel Cartão Tipo Quadrsdo Tamanh 55 X 55MM Alvo Para Pistola, De Competição, 25 E 50 M."
38,38,14,497941,"Alvo De Tiro Papel Cartão Tipo Quadrado Tamanho 55 X 55MM Alvo Para Pistola, De Competição, 25 E 50 M.","Alvo De Tiro Papel Cartão Tipo Quadrsdo Tamanh 55 X 55MM Alvo Para Pistola, De Competição, 25 E 50 M."
39,39,15,497941,"Alvo De Tiro Papel Cartão Tipo Quadrado Tamanho 55 X 55MM Alvo Para Pistola, De Competição, 25 E 50 M.","Alvo De Tiro Papel Cartão Tipo Quadrsdo Tamanh 55 X 55MM Alvo Para Pistola, De Competição, 25 E 50 M."
40,40,16,507527,Bebida Alcoólica Procedência Nacional Tipo Saquê Teor Alcoolico 15 A 35°C,Bebida Alcolica Precedência Nacional Tipo Saquê Teor Alcolico 15 A 35°C
41,41,16,507527,Bebida Alcoólica Procedência Nacional Tipo Saquê Teor Alcoolico 15 A 35°C,Bebida Alcolica Precedência Nacional Tipo Saquê Teor Alcolico 15 A 35°C
42,42,16,507527,Bebida Alcoólica Procedência Nacional Tipo Saquê Teor Alcoolico 15 A 35°C,Bebida Alcolica Precedência Nacional Tipo Saquê Teor Alcolico 15 A 35°C
43,43,17,507527,Bebida Alcoólica Procedência Nacional Tipo Saquê Teor Alcoolico 15 A 35°C,Bebida Alcolica Precedência Nacional Tipo Saquê Teor Alcolico 15 A 35°C
44,44,18,537406,Êmbolo Válvula Hidráulica Plástico Rígido Aplicação Válvula Descarga Bitola 1 1/2POL,Êmbolo Válvula Hidráulca Plástico Rígido Aplicação Válvla Descarga Bitola 1 1/2POL
45,45,18,537406,Êmbolo Válvula Hidráulica Plástico Rígido Aplicação Válvula Descarga Bitola 1 1/2POL,Êmbolo Válvula Hidráulca Plástico Rígido Aplicação Válvla Descarga Bitola 1 1/2POL
46,46,18,537406,Êmbolo Válvula Hidráulica Plástico Rígido Aplicação Válvula Descarga Bitola 1 1/2POL,Êmbolo Válvula Hidráulca Plástico Rígido Aplicação Válvla Descarga Bitola 1 1/2POL
47,47,19,537406,Êmbolo Válvula Hidráulica Plástico Rígido Aplicação Válvula Descarga Bitola 1 1/2POL,Êmbolo Válvula Hidráulca Plástico Rígido Aplicação Válvla Descarga Bitola 1 1/2POL
48,48,20,549794,Grafite Grau Msp7 Isostático Apresentação Bloco Comprimento 180°C Largura 180°C Altura 300L,Grafiti Grau Msp7 Isostático Apresentação Bloco Comprinento 180°C Largura 180°C Altura 300L
49,49,20,549794,Grafite Grau Msp7 Isostático Apresentação Bloco Comprimento 180°C Largura 180°C Altura 300L,Grafiti Grau Msp7 Isostático Apresentação Bloco Comprinento 180°C Largura 180°C Altura 300L
50,50,20,549794,Grafite Grau Msp7 Isostático Apresentação Bloco Comprimento 180°C Largura 180°C Altura 300L,Grafiti Grau Msp7 Isostático Apresentação Bloco Comprinento 180°C Largura 180°C Altura 300L
51,51,21,549794,Grafite Grau Msp7 Isostático Apresentação Bloco Comprimento 180°C Largura 180°C Altura 300L,Grafiti Grau Msp7 Isostático Apresentação Bloco Comprinento 180°C Largura 180°C Altura 300L
52,52,22,556754,"Lanterna Não Elétrica Quantidade Pilhas 2MG Tamanho Pilha Grande Alumínio Anodizado Tipo Foco Regulável Diâmetro 39,67MM Comprimento 254MM A Prova D'Água E Corrosão","Lanterna Não Elétrica Qantidade Pilhas 2MG Tamano Pilha Grande Alumínio Anosizado Tipo Foco Regulável Diâmetro 39,67MM Comprimento 254MM A Prova D'Água E Corrosão"
53,53,22,556754,"Lanterna Não Elétrica Quantidade Pilhas 2MG Tamanho Pilha Grande Alumínio Anodizado Tipo Foco Regulável Diâmetro 39,67MM Comprimento 254MM A Prova D'Água E Corrosão","Lanterna Não Elétrica Qantidade Pilhas 2MG Tamano Pilha Grande Alumínio Anosizado Tipo Foco Regulável Diâmetro 39,67MM Comprimento 254MM A Prova D'Água E Corrosão"
54,54,22,556754,"Lanterna Não Elétrica Quantidade Pilhas 2MG Tamanho Pilha Grande Alumínio Anodizado Tipo Foco Regulável Diâmetro 39,67MM Comprimento 254MM A Prova D'Água E Corrosão","Lanterna Não Elétrica Qantidade Pilhas 2MG Tamano Pilha Grande Alumínio Anosizado Tipo Foco Regulável Diâmetro 39,67MM Comprimento 254MM A Prova D'Água E Corrosão"
55,55,23,556754,"Lanterna Não Elétrica Quantidade Pilhas 2MG Tamanho Pilha Grande Alumínio Anodizado Tipo Foco Regulável Diâmetro 39,67MM Comprimento 254MM A Prova D'Água E Corrosão","Lanterna Não Elétrica Qantidade Pilhas 2MG Tamano Pilha Grande Alumínio Anosizado Tipo Foco Regulável Diâmetro 39,67MM Comprimento 254MM A Prova D'Água E Corrosão"
56,56,24,564730,Moto-Esmeril Potência Motor 1/2POL Velocidade 3.400M3/H Tensão Alimentação 110/220V Quantidade Fases Monofásico Duplo Rebolo 6 X 3/4 X 5/8 Pol,Moto-Esmeril Potência Motor 1/2POL Velocidad 3.400M3/H Tensão Alimentação 110/220V Qantidade Fases Monofásico Duplo Rebolo 6 X 3/4 X 5/8 Pol
57,57,24,564730,Moto-Esmeril Potência Motor 1/2POL Velocidade 3.400M3/H Tensão Alimentação 110/220V Quantidade Fases Monofásico Duplo Rebolo 6 X 3/4 X 5/8 Pol,Moto-Esmeril Potência Motor 1/2POL Velocidad 3.400M3/H Tensão Alimentação 110/220V Qantidade Fases Monofásico Duplo Rebolo 6 X 3/4 X 5/8 Pol
58,58,24,564730,Moto-Esmeril Potência Motor 1/2POL Velocidade 3.400M3/H Tensão Alimentação 110/220V Quantidade Fases Monofásico Duplo Rebolo 6 X 3/4 X 5/8 Pol,Moto-Esmeril Potência Motor 1/2POL Velocidad 3.400M3/H Tensão Alimentação 110/220V Qantidade Fases Monofásico Duplo Rebolo 6 X 3/4 X 5/8 Pol
59,59,25,564730,Moto-Esmeril Potência Motor 1/2POL Velocidade 3.400M3/H Tensão Alimentação 110/220V Quantidade Fases Monofásico Duplo Rebolo 6 X 3/4 X 5/8 Pol,Moto-Esmeril Potência Motor 1/2POL Velocidad 3.400M3/H Tensão Alimentação 110/220V Qantidade Fases Monofásico Duplo Rebolo 6 X 3/4 X 5/8 Pol
60,60,28,600923,"Disco Liga Mista Metais Liga Astm 260 Espessura 14,40KB/S Aplicação Munição Naval / Artilharia Diâmetro 165,20MM","Diso Liga Mixta Metais Liga Astm 260 Espessura 14,40KB/S Aplicação Munição Naval / Artilaria Diâmetro 165,20MM"
61,61,29,600923,"Disco Liga Mista Metais Liga Astm 260 Espessura 14,40KB/S Aplicação Munição Naval / Artilharia Diâmetro 165,20MM","Diso Liga Mixta Metais Liga Astm 260 Espessura 14,40KB/S Aplicação Munição Naval / Artilaria Diâmetro 165,20MM"
62,62,29,600923,"Disco Liga Mista Metais Liga Astm 260 Espessura 14,40KB/S Aplicação Munição Naval / Artilharia Diâmetro 165,20MM","Diso Liga Mixta Metais Liga Astm 260 Espessura 14,40KB/S Aplicação Munição Naval / Artilaria Diâmetro 165,20MM"
63,63,29,600923,"Disco Liga Mista Metais Liga Astm 260 Espessura 14,40KB/S Aplicação Munição Naval / Artilharia Diâmetro 165,20MM","Diso Liga Mixta Metais Liga Astm 260 Espessura 14,40KB/S Aplicação Munição Naval / Artilaria Diâmetro 165,20MM"
64,64,30,634100,Filtro Óleo Referência Fabril Psl 301 Aplicação Veículo Micro Onibus Mercedes Bens,Filto Óleo Referênca Fabril Psl 301 Aplicação Veículu Micr Onibus Mercedes Bens
65,65,30,634100,Filtro Óleo Referência Fabril Psl 301 Aplicação Veículo Micro Onibus Mercedes Bens,Filto Óleo Referênca Fabril Psl 301 Aplicação Veículu Micr Onibus Mercedes Bens
66,66,30,634100,Filtro Óleo Referência Fabril Psl 301 Aplicação Veículo Micro Onibus Mercedes Bens,Filto Óleo Referênca Fabril Psl 301 Aplicação Veículu Micr Onibus Mercedes Bens
67,67,31,634100,Filtro Óleo Referência Fabril Psl 301 Aplicação Veículo Micro Onibus Mercedes Bens,Filto Óleo Referênca Fabril Psl 301 Aplicação Veículu Micr Onibus Mercedes Bens
68,68,32,665380,"Barreira Contenção / Absorvente Polipropileno Tipo Cordão Comprimento 1,20M Cor Verde Capacidade 3UN Largura 6MM Aplicação Isolamento Líquidos Abravisos","Barreira Contenção / Absorvente Poliprpileno Tipo Cordão Comprimento 1,20M Cor Verde Capacidsde 3UN Largura 6MM Aplicação Isolamanto Líqidos Abravisos"
69,69,32,665380,"Barreira Contenção / Absorvente Polipropileno Tipo Cordão Comprimento 1,20M Cor Verde Capacidade 3UN Largura 6MM Aplicação Isolamento Líquidos Abravisos","Barreira Contenção / Absorvente Poliprpileno Tipo Cordão Comprimento 1,20M Cor Verde Capacidsde 3UN Largura 6MM Aplicação Isolamanto Líqidos Abravisos"
70,70,32,665380,"Barreira Contenção / Absorvente Polipropileno Tipo Cordão Comprimento 1,20M Cor Verde Capacidade 3UN Largura 6MM Aplicação Isolamento Líquidos Abravisos","Barreira Contenção / Absorvente Poliprpileno Tipo Cordão Comprimento 1,20M Cor Verde Capacidsde 3UN Largura 6MM Aplicação Isolamanto Líqidos Abravisos"
71,71,33,665380,"Barreira Contenção / Absorvente Polipropileno Tipo Cordão Comprimento 1,20M Cor Verde Capacidade 3UN Largura 6MM Aplicação Isolamento Líquidos Abravisos","Barreira Contenção / Absorvente Poliprpileno Tipo Cordão Comprimento 1,20M Cor Verde Capacidsde 3UN Largura 6MM Aplicação Isolamanto Líqidos Abravisos"
72,72,34,667000,Equipamento / Acessório - Apicultura Aplicação Atividades Apícolas Tipo Laminador De Cera Aço Inóx Aisi 304 Dimensões 0.60 X 0.25 X 0.75CM Voltagem 220V Controle De Temperatura Automático,Equipamento / Acesório - Apicultura Aplicação Atividades Apícolas Tipo Lamnador De Cera Aço Inóx Aisi 304 Dimensões 0.60 X 0.25 X 0.75CM Voltagem 220V Controle De Temperatura Automático
73,73,34,667000,Equipamento / Acessório - Apicultura Aplicação Atividades Apícolas Tipo Laminador De Cera Aço Inóx Aisi 304 Dimensões 0.60 X 0.25 X 0.75CM Voltagem 220V Controle De Temperatura Automático,Equipamento / Acesório - Apicultura Aplicação Atividades Apícolas Tipo Lamnador De Cera Aço Inóx Aisi 304 Dimensões 0.60 X 0.25 X 0.75CM Voltagem 220V Controle De Temperatura Automático
74,74,34,667000,Equipamento / Acessório - Apicultura Aplicação Atividades Apícolas Tipo Laminador De Cera Aço Inóx Aisi 304 Dimensões 0.60 X 0.25 X 0.75CM Voltagem 220V Controle De Temperatura Automático,Equipamento / Acesório - Apicultura Aplicação Atividades Apícolas Tipo Lamnador De Cera Aço Inóx Aisi 304 Dimensões 0.60 X 0.25 X 0.75CM Voltagem 220V Controle De Temperatura Automático
75,75,35,667000,Equipamento / Acessório - Apicultura Aplicação Atividades Apícolas Tipo Laminador De Cera Aço Inóx Aisi 304 Dimensões 0.60 X 0.25 X 0.75CM Voltagem 220V Controle De Temperatura Automático,Equipamento / Acesório - Apicultura Aplicação Atividades Apícolas Tipo Lamnador De Cera Aço Inóx Aisi 304 Dimensões 0.60 X 0.25 X 0.75CM Voltagem 220V Controle De Temperatura Automático
76,76,36,676173,Óleo Combustível Viscosidade 960 Mm2/S Tipo Ocb2 Teor Enxofre Máximo De 1% Massa De Enxofre,Óleo Cimbustível Viscosidad 960 Mm2/S Tipo Ocb2 Teor Enxofre Máximo De 1% Massa De Enxofre
77,77,36,676173,Óleo Combustível Viscosidade 960 Mm2/S Tipo Ocb2 Teor Enxofre Máximo De 1% Massa De Enxofre,Óleo Cimbustível Viscosidad 960 Mm2/S Tipo Ocb2 Teor Enxofre Máximo De 1% Massa De Enxofre
78,78,36,676173,Óleo Combustível Viscosidade 960 Mm2/S Tipo Ocb2 Teor Enxofre Máximo De 1% Massa De Enxofre,Óleo Cimbustível Viscosidad 960 Mm2/S Tipo Ocb2 Teor Enxofre Máximo De 1% Massa De Enxofre
79,79,37,676173,Óleo Combustível Viscosidade 960 Mm2/S Tipo Ocb2 Teor Enxofre Máximo De 1% Massa De Enxofre,Óleo Cimbustível Viscosidad 960 Mm2/S Tipo Ocb2 Teor Enxofre Máximo De 1% Massa De Enxofre
80,80,40,475691,Adubo Animal Húmus De Minhoca Apresentação Orgânico Decomposto,Adubu Anismal Húmus De Minhoca Apresenação Orgânico Decomposto
81,81,40,475691,Adubo Animal Húmus De Minhoca Apresentação Orgânico Decomposto,Adubu Anismal Húmus De Minhoca Apresenação Orgânico Decomposto
82,82,40,475691,Adubo Animal Húmus De Minhoca Apresentação Orgânico Decomposto,Adubu Anismal Húmus De Minhoca Apresenação Orgânico Decomposto
83,83,41,475691,Adubo Animal Húmus De Minhoca Apresentação Orgânico Decomposto,Adubu Anismal Húmus De Minhoca Apresenação Orgânico Decomposto
84,84,42,504231,Bandeira Sinalização Polipropileno Tipo Experimentos Em Campo Formato Quadrado Cor Vermelha Comprimento 10CM Largura 9MM Com Haste De Fibra De Vidro,Bandeira Sinalzção Polipropileno Tipo Experimentos Em Canpo Formato Quadrsdo Cor Vermelha Comprimento 10CM Largura 9MM Com Haste De Fbra De Virdo
85,85,42,504231,Bandeira Sinalização Polipropileno Tipo Experimentos Em Campo Formato Quadrado Cor Vermelha Comprimento 10CM Largura 9MM Com Haste De Fibra De Vidro,Bandeira Sinalzção Polipropileno Tipo Experimentos Em Canpo Formato Quadrsdo Cor Vermelha Comprimento 10CM Largura 9MM Com Haste De Fbra De Virdo
86,86,42,504231,Bandeira Sinalização Polipropileno Tipo Experimentos Em Campo Formato Quadrado Cor Vermelha Comprimento 10CM Largura 9MM Com Haste De Fibra De Vidro,Bandeira Sinalzção Polipropileno Tipo Experimentos Em Canpo Formato Quadrsdo Cor Vermelha Comprimento 10CM Largura 9MM Com Haste De Fbra De Virdo
87,87,43,504231,Bandeira Sinalização Polipropileno Tipo Experimentos Em Campo Formato Quadrado Cor Vermelha Comprimento 10CM Largura 9MM Com Haste De Fibra De Vidro,Bandeira Sinalzção Polipropileno Tipo Experimentos Em Canpo Formato Quadrsdo Cor Vermelha Comprimento 10CM Largura 9MM Com Haste De Fbra De Virdo
88,88,44,450471,"Escrivaninha Madeira Mdf Revestimento Recouro Padrão Acabamento Laca Altura 75 Largura 2,20M Profundidade 70MIN","Escrivaninha Madeira Mdf Revstimento Recouro Padrão Acabamento Laca Altura 75 Largura 2,20M Profundidade 70MIN"
89,89,44,450471,"Escrivaninha Madeira Mdf Revestimento Recouro Padrão Acabamento Laca Altura 75 Largura 2,20M Profundidade 70MIN","Escrivaninha Madeira Mdf Revstimento Recouro Padrão Acabamento Laca Altura 75 Largura 2,20M Profundidade 70MIN"
90,90,44,450471,"Escrivaninha Madeira Mdf Revestimento Recouro Padrão Acabamento Laca Altura 75 Largura 2,20M Profundidade 70MIN","Escrivaninha Madeira Mdf Revstimento Recouro Padrão Acabamento Laca Altura 75 Largura 2,20M Profundidade 70MIN"
91,91,45,450471,"Escrivaninha Madeira Mdf Revestimento Recouro Padrão Acabamento Laca Altura 75 Largura 2,20M Profundidade 70MIN","Escrivaninha Madeira Mdf Revstimento Recouro Padrão Acabamento Laca Altura 75 Largura 2,20M Profundidade 70MIN"
92,92,46,589564,"Terminal Bateria Tipo Positivo Aplicação Vbco Ap M109 A3/A5 Referência 5940-00-549-6581, P/N Ms75004-1,Manual Tm9-2350-31 Metal","Terminal Bateria Tipo Positvo Aplicação Vbco Ap M109 A3/A5 Refrência 5940-00-549-6581, P/N Ms75004-1,Manual Tm9-2350-31 Metal"
93,93,46,589564,"Terminal Bateria Tipo Positivo Aplicação Vbco Ap M109 A3/A5 Referência 5940-00-549-6581, P/N Ms75004-1,Manual Tm9-2350-31 Metal","Terminal Bateria Tipo Positvo Aplicação Vbco Ap M109 A3/A5 Refrência 5940-00-549-6581, P/N Ms75004-1,Manual Tm9-2350-31 Metal"
94,94,46,589564,"Terminal Bateria Tipo Positivo Aplicação Vbco Ap M109 A3/A5 Referência 5940-00-549-6581, P/N Ms75004-1,Manual Tm9-2350-31 Metal","Terminal Bateria Tipo Positvo Aplicação Vbco Ap M109 A3/A5 Refrência 5940-00-549-6581, P/N Ms75004-1,Manual Tm9-2350-31 Metal"
95,95,47,589564,"Terminal Bateria Tipo Positivo Aplicação Vbco Ap M109 A3/A5 Referência 5940-00-549-6581, P/N Ms75004-1,Manual Tm9-2350-31 Metal","Terminal Bateria Tipo Positvo Aplicação Vbco Ap M109 A3/A5 Refrência 5940-00-549-6581, P/N Ms75004-1,Manual Tm9-2350-31 Metal"
96,96,48,491953,Acessório/Componente Elétrico Eletrônico Tipo Suporte Conico Duplo Plástico Dielétrico De Alta Resistência Aplicação Ancoragem De Cabos Ópticos E Cabo Flat Drop Tipo Fixação Braçadeira Bap Dimensões Da Roldana:  40 X 20 X 10 Mm,Acesório/Componente Elétrico Eletrônico Tipo Suprte Conico Duplo Plástico Dielétrico De Alta Rsistência Aplicação Ancoragem De Cabos Ópticos E Cabo Flat Drop Tipo Fixação Braçadeira Bap Dimensões Da Roldana:  40 X 20 X 10 Mm
97,97,48,491953,Acessório/Componente Elétrico Eletrônico Tipo Suporte Conico Duplo Plástico Dielétrico De Alta Resistência Aplicação Ancoragem De Cabos Ópticos E Cabo Flat Drop Tipo Fixação Braçadeira Bap Dimensões Da Roldana:  40 X 20 X 10 Mm,Acesório/Componente Elétrico Eletrônico Tipo Suprte Conico Duplo Plástico Dielétrico De Alta Rsistência Aplicação Ancoragem De Cabos Ópticos E Cabo Flat Drop Tipo Fixação Braçadeira Bap Dimensões Da Roldana:  40 X 20 X 10 Mm
98,98,48,491953,Acessório/Componente Elétrico Eletrônico Tipo Suporte Conico Duplo Plástico Dielétrico De Alta Resistência Aplicação Ancoragem De Cabos Ópticos E Cabo Flat Drop Tipo Fixação Braçadeira Bap Dimensões Da Roldana:  40 X 20 X 10 Mm,Acesório/Componente Elétrico Eletrônico Tipo Suprte Conico Duplo Plástico Dielétrico De Alta Rsistência Aplicação Ancoragem De Cabos Ópticos E Cabo Flat Drop Tipo Fixação Braçadeira Bap Dimensões Da Roldana:  40 X 20 X 10 Mm
99,99,49,491953,Acessório/Componente Elétrico Eletrônico Tipo Suporte Conico Duplo Plástico Dielétrico De Alta Resistência Aplicação Ancoragem De Cabos Ópticos E Cabo Flat Drop Tipo Fixação Braçadeira Bap Dimensões Da Roldana:  40 X 20 X 10 Mm,Acesório/Componente Elétrico Eletrônico Tipo Suprte Conico Duplo Plástico Dielétrico De Alta Rsistência Aplicação Ancoragem De Cabos Ópticos E Cabo Flat Drop Tipo Fixação Braçadeira Bap Dimensões Da Roldana:  40 X 20 X 10 Mm
100,100,50,488222,Detector Metais Formato Raquete Tensão Alimentação 9MM Plástico Abs,Detectr Metais Formato Raquete Tensão Alimenação 9MM Plástico Abs
101,101,50,488222,Detector Metais Formato Raquete Tensão Alimentação 9MM Plástico Abs,Detectr Metais Formato Raquete Tensão Alimenação 9MM Plástico Abs
102,102,50,488222,Detector Metais Formato Raquete Tensão Alimentação 9MM Plástico Abs,Detectr Metais Formato Raquete Tensão Alimenação 9MM Plástico Abs
103,103,51,488222,Detector Metais Formato Raquete Tensão Alimentação 9MM Plástico Abs,Detectr Metais Formato Raquete Tensão Alimenação 9MM Plástico Abs
104,104,52,441718,"Tubo Porta-Documento Papelão Kraft Diâmetro Interno 4,50CM Comprimento 34POL Aplicação Acondicionar Plantas, Documentos, Mapas, Cartazes Tampa De Encaixe Por Pressão, Frisos Dourados","Tubo Porta-Docmento Papelão Kraft Diâmetro Interno 4,50CM Comprimnto 34POL Aplicação Acondicionar Plantas, Documentos, Mapas, Cartazes Tampa De Encaixe Por Pressão, Frisos Dourados"
105,105,52,441718,"Tubo Porta-Documento Papelão Kraft Diâmetro Interno 4,50CM Comprimento 34POL Aplicação Acondicionar Plantas, Documentos, Mapas, Cartazes Tampa De Encaixe Por Pressão, Frisos Dourados","Tubo Porta-Docmento Papelão Kraft Diâmetro Interno 4,50CM Comprimnto 34POL Aplicação Acondicionar Plantas, Documentos, Mapas, Cartazes Tampa De Encaixe Por Pressão, Frisos Dourados"
106,106,52,441718,"Tubo Porta-Documento Papelão Kraft Diâmetro Interno 4,50CM Comprimento 34POL Aplicação Acondicionar Plantas, Documentos, Mapas, Cartazes Tampa De Encaixe Por Pressão, Frisos Dourados","Tubo Porta-Docmento Papelão Kraft Diâmetro Interno 4,50CM Comprimnto 34POL Aplicação Acondicionar Plantas, Documentos, Mapas, Cartazes Tampa De Encaixe Por Pressão, Frisos Dourados"
107,107,53,441718,"Tubo Porta-Documento Papelão Kraft Diâmetro Interno 4,50CM Comprimento 34POL Aplicação Acondicionar Plantas, Documentos, Mapas, Cartazes Tampa De Encaixe Por Pressão, Frisos Dourados","Tubo Porta-Docmento Papelão Kraft Diâmetro Interno 4,50CM Comprimnto 34POL Aplicação Acondicionar Plantas, Documentos, Mapas, Cartazes Tampa De Encaixe Por Pressão, Frisos Dourados"
108,108,54,476607,"Despolpadeira Frutas Aço Inoxidável Escova Alumínio Comprimento 68,50MM Largura 81,50MM Altura 22AWG Capacidade Produção 60MM Voltagem 220V","Despoupadera Frutas Aço Inoxidável Escova Alumínio Conprimento 68,50MM Largura 81,50MM Altura 22AWG Capacidade Produção 60MM Voltagem 220V"
109,109,54,476607,"Despolpadeira Frutas Aço Inoxidável Escova Alumínio Comprimento 68,50MM Largura 81,50MM Altura 22AWG Capacidade Produção 60MM Voltagem 220V","Despoupadera Frutas Aço Inoxidável Escova Alumínio Conprimento 68,50MM Largura 81,50MM Altura 22AWG Capacidade Produção 60MM Voltagem 220V"
110,110,54,476607,"Despolpadeira Frutas Aço Inoxidável Escova Alumínio Comprimento 68,50MM Largura 81,50MM Altura 22AWG Capacidade Produção 60MM Voltagem 220V","Despoupadera Frutas Aço Inoxidável Escova Alumínio Conprimento 68,50MM Largura 81,50MM Altura 22AWG Capacidade Produção 60MM Voltagem 220V"
111,111,55,476607,"Despolpadeira Frutas Aço Inoxidável Escova Alumínio Comprimento 68,50MM Largura 81,50MM Altura 22AWG Capacidade Produção 60MM Voltagem 220V","Despoupadera Frutas Aço Inoxidável Escova Alumínio Conprimento 68,50MM Largura 81,50MM Altura 22AWG Capacidade Produção 60MM Voltagem 220V"
112,112,56,447780,Lâmina Limpeza Máquina Copiadora Plástico Aplicação Impressora Igen3 Xerox Referência 035k08600,Lâmima Limpesa Máquina Copiadora Plástivo Aplicação Impressora Igen3 Xerox Referência 035k08600
113,113,56,447780,Lâmina Limpeza Máquina Copiadora Plástico Aplicação Impressora Igen3 Xerox Referência 035k08600,Lâmima Limpesa Máquina Copiadora Plástivo Aplicação Impressora Igen3 Xerox Referência 035k08600
114,114,56,447780,Lâmina Limpeza Máquina Copiadora Plástico Aplicação Impressora Igen3 Xerox Referência 035k08600,Lâmima Limpesa Máquina Copiadora Plástivo Aplicação Impressora Igen3 Xerox Referência 035k08600
115,115,57,447780,Lâmina Limpeza Máquina Copiadora Plástico Aplicação Impressora Igen3 Xerox Referência 035k08600,Lâmima Limpesa Máquina Copiadora Plástivo Aplicação Impressora Igen3 Xerox Referência 035k08600
116,116,58,559998,Mangueira Radiador Veículo Automotivo Tipo Superior Referência 2to/121101 Aplicação Veículo Volkswagen Worker 15.210 4x4 Diesel,Manguera Radiador Veículo Automotivo Tipo Superior Refrência 2to/121101 Aplicação Veícaulo Volkswagen Worker 15.210 4x4 Diesel
117,117,58,559998,Mangueira Radiador Veículo Automotivo Tipo Superior Referência 2to/121101 Aplicação Veículo Volkswagen Worker 15.210 4x4 Diesel,Manguera Radiador Veículo Automotivo Tipo Superior Refrência 2to/121101 Aplicação Veícaulo Volkswagen Worker 15.210 4x4 Diesel
118,118,58,559998,Mangueira Radiador Veículo Automotivo Tipo Superior Referência 2to/121101 Aplicação Veículo Volkswagen Worker 15.210 4x4 Diesel,Manguera Radiador Veículo Automotivo Tipo Superior Refrência 2to/121101 Aplicação Veícaulo Volkswagen Worker 15.210 4x4 Diesel
119,119,59,559998,Mangueira Radiador Veículo Automotivo Tipo Superior Referência 2to/121101 Aplicação Veículo Volkswagen Worker 15.210 4x4 Diesel,Manguera Radiador Veículo Automotivo Tipo Superior Refrência 2to/121101 Aplicação Veícaulo Volkswagen Worker 15.210 4x4 Diesel
120,120,60,523704,Chumbo Aspecto Físico Sólido Apresentação Barra Aplicação Ontrapeso Para Balanceamento De Rodas 5 Gramas; Encaixe: Garra,Xumbo Aspecto Físico Sólido Apresentação Barra Aplicação Ontrapeso Para Balanceamento De Rodas 5 Gramas; Encaixe: Garra
121,121,60,523704,Chumbo Aspecto Físico Sólido Apresentação Barra Aplicação Ontrapeso Para Balanceamento De Rodas 5 Gramas; Encaixe: Garra,Xumbo Aspecto Físico Sólido Apresentação Barra Aplicação Ontrapeso Para Balanceamento De Rodas 5 Gramas; Encaixe: Garra
122,122,60,523704,Chumbo Aspecto Físico Sólido Apresentação Barra Aplicação Ontrapeso Para Balanceamento De Rodas 5 Gramas; Encaixe: Garra,Xumbo Aspecto Físico Sólido Apresentação Barra Aplicação Ontrapeso Para Balanceamento De Rodas 5 Gramas; Encaixe: Garra
123,123,61,523704,Chumbo Aspecto Físico Sólido Apresentação Barra Aplicação Ontrapeso Para Balanceamento De Rodas 5 Gramas; Encaixe: Garra,Xumbo Aspecto Físico Sólido Apresentação Barra Aplicação Ontrapeso Para Balanceamento De Rodas 5 Gramas; Encaixe: Garra
124,124,62,453791,Bisturi Descartável Cabo Cabo De Plástico Lâmina Lâmina Aço Inoxidável Tamanho Lâmina 20AWG Esterilidade Estéril Sistema De Segurança Segundo Nr/32,Bisturi Descrtável Cabo Cabo De Plástico Lâmina Lâmina Aço Inxidável Tamanho Lâmina 20AWG Esterilidade Estéril Sistema De Segurança Segundo Nr/32
125,125,63,453791,Bisturi Descartável Cabo Cabo De Plástico Lâmina Lâmina Aço Inoxidável Tamanho Lâmina 20AWG Esterilidade Estéril Sistema De Segurança Segundo Nr/32,Bisturi Descrtável Cabo Cabo De Plástico Lâmina Lâmina Aço Inxidável Tamanho Lâmina 20AWG Esterilidade Estéril Sistema De Segurança Segundo Nr/32
126,126,63,453791,Bisturi Descartável Cabo Cabo De Plástico Lâmina Lâmina Aço Inoxidável Tamanho Lâmina 20AWG Esterilidade Estéril Sistema De Segurança Segundo Nr/32,Bisturi Descrtável Cabo Cabo De Plástico Lâmina Lâmina Aço Inxidável Tamanho Lâmina 20AWG Esterilidade Estéril Sistema De Segurança Segundo Nr/32
127,127,63,453791,Bisturi Descartável Cabo Cabo De Plástico Lâmina Lâmina Aço Inoxidável Tamanho Lâmina 20AWG Esterilidade Estéril Sistema De Segurança Segundo Nr/32,Bisturi Descrtável Cabo Cabo De Plástico Lâmina Lâmina Aço Inxidável Tamanho Lâmina 20AWG Esterilidade Estéril Sistema De Segurança Segundo Nr/32
128,128,64,605152,Polvaroma Apresentação Pó Amarelado Sabor Laranja Aplicação Fabricação De Medicamento De Uso Humano,Polvaroma Apresentação Pó Amrelado Sabor Laranja Aplicação Fabricação De Medicamento De Uso Humano
129,129,65,605152,Polvaroma Apresentação Pó Amarelado Sabor Laranja Aplicação Fabricação De Medicamento De Uso Humano,Polvaroma Apresentação Pó Amrelado Sabor Laranja Aplicação Fabricação De Medicamento De Uso Humano
130,130,65,605152,Polvaroma Apresentação Pó Amarelado Sabor Laranja Aplicação Fabricação De Medicamento De Uso Humano,Polvaroma Apresentação Pó Amrelado Sabor Laranja Aplicação Fabricação De Medicamento De Uso Humano
131,131,65,605152,Polvaroma Apresentação Pó Amarelado Sabor Laranja Aplicação Fabricação De Medicamento De Uso Humano,Polvaroma Apresentação Pó Amrelado Sabor Laranja Aplicação Fabricação De Medicamento De Uso Humano
132,132,66,502366,Tenda Inflável Rip Stop-250 Tratamento Superficial Impermeabilizado Tensão BivoltV Acessórios Tela De Nylon Aplicação Eventos Diversos E Sinalização Conforme Modelo Comprimento 1UN Largura 6MM Altura 4MG,Tenda Inflevel Rip Stop-250 Tratamento Superficial Himperneabilizado Tensão BivoltV Acesórios Tela De Nylon Aplicação Eventos Diversos E Sinalização Conforme Modelo Comprimento 1UN Largura 6MM Altura 4MG
133,133,67,502366,Tenda Inflável Rip Stop-250 Tratamento Superficial Impermeabilizado Tensão BivoltV Acessórios Tela De Nylon Aplicação Eventos Diversos E Sinalização Conforme Modelo Comprimento 1UN Largura 6MM Altura 4MG,Tenda Inflevel Rip Stop-250 Tratamento Superficial Himperneabilizado Tensão BivoltV Acesórios Tela De Nylon Aplicação Eventos Diversos E Sinalização Conforme Modelo Comprimento 1UN Largura 6MM Altura 4MG
134,134,67,502366,Tenda Inflável Rip Stop-250 Tratamento Superficial Impermeabilizado Tensão BivoltV Acessórios Tela De Nylon Aplicação Eventos Diversos E Sinalização Conforme Modelo Comprimento 1UN Largura 6MM Altura 4MG,Tenda Inflevel Rip Stop-250 Tratamento Superficial Himperneabilizado Tensão BivoltV Acesórios Tela De Nylon Aplicação Eventos Diversos E Sinalização Conforme Modelo Comprimento 1UN Largura 6MM Altura 4MG
135,135,67,502366,Tenda Inflável Rip Stop-250 Tratamento Superficial Impermeabilizado Tensão BivoltV Acessórios Tela De Nylon Aplicação Eventos Diversos E Sinalização Conforme Modelo Comprimento 1UN Largura 6MM Altura 4MG,Tenda Inflevel Rip Stop-250 Tratamento Superficial Himperneabilizado Tensão BivoltV Acesórios Tela De Nylon Aplicação Eventos Diversos E Sinalização Conforme Modelo Comprimento 1UN Largura 6MM Altura 4MG
136,136,68,464056,"Baú Ferramentas Chapa Aço Acabamento Superficial Pintura Eletrostática Cor Azul Comprimento 500UI Largura 160MM Altura 185CM Peso 2,80M/MIN Com Bandeja E Lingueta Para Cadeado","Baú Ferrmentas Chapa Aço Acabamento Suprficial Pintura Eletrostática Cor Azul Comprimento 500UI Largura 160MM Altura 185CM Peso 2,80M/MIN Com Bandeja E Lingueta Para Cadeado"
137,137,68,464056,"Baú Ferramentas Chapa Aço Acabamento Superficial Pintura Eletrostática Cor Azul Comprimento 500UI Largura 160MM Altura 185CM Peso 2,80M/MIN Com Bandeja E Lingueta Para Cadeado","Baú Ferrmentas Chapa Aço Acabamento Suprficial Pintura Eletrostática Cor Azul Comprimento 500UI Largura 160MM Altura 185CM Peso 2,80M/MIN Com Bandeja E Lingueta Para Cadeado"
138,138,68,464056,"Baú Ferramentas Chapa Aço Acabamento Superficial Pintura Eletrostática Cor Azul Comprimento 500UI Largura 160MM Altura 185CM Peso 2,80M/MIN Com Bandeja E Lingueta Para Cadeado","Baú Ferrmentas Chapa Aço Acabamento Suprficial Pintura Eletrostática Cor Azul Comprimento 500UI Largura 160MM Altura 185CM Peso 2,80M/MIN Com Bandeja E Lingueta Para Cadeado"
139,139,69,464056,"Baú Ferramentas Chapa Aço Acabamento Superficial Pintura Eletrostática Cor Azul Comprimento 500UI Largura 160MM Altura 185CM Peso 2,80M/MIN Com Bandeja E Lingueta Para Cadeado","Baú Ferrmentas Chapa Aço Acabamento Suprficial Pintura Eletrostática Cor Azul Comprimento 500UI Largura 160MM Altura 185CM Peso 2,80M/MIN Com Bandeja E Lingueta Para Cadeado"
140,140,70,534511,"Calibrador Radiação Voltagem 100/240V Frequência 50/60HZ Aplicação Medição De Radioatividade De Radiofármacos Resolução De 0,1 Microcurie","Calibrador Radiação Voltagem 100/240V Freqêncio 50/60HZ Aplicação Mdição De Radioatividade De Radiofármacos Carcterísticas Adicionais Resolução De 0,1 Microcurie"
141,141,70,534511,"Calibrador Radiação Voltagem 100/240V Frequência 50/60HZ Aplicação Medição De Radioatividade De Radiofármacos Resolução De 0,1 Microcurie","Calibrador Radiação Voltagem 100/240V Freqêncio 50/60HZ Aplicação Mdição De Radioatividade De Radiofármacos Carcterísticas Adicionais Resolução De 0,1 Microcurie"
142,142,70,534511,"Calibrador Radiação Voltagem 100/240V Frequência 50/60HZ Aplicação Medição De Radioatividade De Radiofármacos Resolução De 0,1 Microcurie","Calibrador Radiação Voltagem 100/240V Freqêncio 50/60HZ Aplicação Mdição De Radioatividade De Radiofármacos Carcterísticas Adicionais Resolução De 0,1 Microcurie"
143,143,71,534511,"Calibrador Radiação Voltagem 100/240V Frequência 50/60HZ Aplicação Medição De Radioatividade De Radiofármacos Resolução De 0,1 Microcurie","Calibrador Radiação Voltagem 100/240V Freqêncio 50/60HZ Aplicação Mdição De Radioatividade De Radiofármacos Carcterísticas Adicionais Resolução De 0,1 Microcurie"
144,144,72,470434,Forro Gesso Sulfato De Cálcio Apresentação Gesso Acartonado Aplicação Teto Ambiente Comercial Acabamento Superficial Natural Comprimento 1.243MM Largura 618MM Espessura 8MB,Forro Geso Sulfato De Cálcio Apresentação Gesso Acartunado Aplicação Teto Ambiente Comercial Acabamento Superficial Natural Comprimento 1.243MM Largura 618MM Espessura 8MB
145,145,72,470434,Forro Gesso Sulfato De Cálcio Apresentação Gesso Acartonado Aplicação Teto Ambiente Comercial Acabamento Superficial Natural Comprimento 1.243MM Largura 618MM Espessura 8MB,Forro Geso Sulfato De Cálcio Apresentação Gesso Acartunado Aplicação Teto Ambiente Comercial Acabamento Superficial Natural Comprimento 1.243MM Largura 618MM Espessura 8MB
146,146,72,470434,Forro Gesso Sulfato De Cálcio Apresentação Gesso Acartonado Aplicação Teto Ambiente Comercial Acabamento Superficial Natural Comprimento 1.243MM Largura 618MM Espessura 8MB,Forro Geso Sulfato De Cálcio Apresentação Gesso Acartunado Aplicação Teto Ambiente Comercial Acabamento Superficial Natural Comprimento 1.243MM Largura 618MM Espessura 8MB
147,147,73,470434,Forro Gesso Sulfato De Cálcio Apresentação Gesso Acartonado Aplicação Teto Ambiente Comercial Acabamento Superficial Natural Comprimento 1.243MM Largura 618MM Espessura 8MB,Forro Geso Sulfato De Cálcio Apresentação Gesso Acartunado Aplicação Teto Ambiente Comercial Acabamento Superficial Natural Comprimento 1.243MM Largura 618MM Espessura 8MB
148,148,74,548117,Gás Refrigeração Tipo R 22 Aplicação Câmara De Congelamento -18°C,Gás Rifrigeração Tipo R 22 Aplicação Câmera De Congelamento -18°C
149,149,74,548117,Gás Refrigeração Tipo R 22 Aplicação Câmara De Congelamento -18°C,Gás Rifrigeração Tipo R 22 Aplicação Câmera De Congelamento -18°C
150,150,74,548117,Gás Refrigeração Tipo R 22 Aplicação Câmara De Congelamento -18°C,Gás Rifrigeração Tipo R 22 Aplicação Câmera De Congelamento -18°C
151,151,75,548117,Gás Refrigeração Tipo R 22 Aplicação Câmara De Congelamento -18°C,Gás Rifrigeração Tipo R 22 Aplicação Câmera De Congelamento -18°C
152,152,76,498949,Anodo Matéria-Prima Cádmio,Anoudo Matéria-Prima Cádmio
153,153,76,498949,Anodo Matéria-Prima Cádmio,Anoudo Matéria-Prima Cádmio
154,154,76,498949,Anodo Matéria-Prima Cádmio,Anoudo Matéria-Prima Cádmio
155,155,77,498949,Anodo Matéria-Prima Cádmio,Anoudo Matéria-Prima Cádmio
156,156,78,453938,Tira Reagente Papel Aplicação Quantitativo De Cloro Até 200 Ppm,Tira Reagnte Papel Aplicação Quantitativo De Cloro Até 200 Ppm
157,157,78,453938,Tira Reagente Papel Aplicação Quantitativo De Cloro Até 200 Ppm,Tira Reagnte Papel Aplicação Quantitativo De Cloro Até 200 Ppm
158,158,78,453938,Tira Reagente Papel Aplicação Quantitativo De Cloro Até 200 Ppm,Tira Reagnte Papel Aplicação Quantitativo De Cloro Até 200 Ppm
159,159,79,453938,Tira Reagente Papel Aplicação Quantitativo De Cloro Até 200 Ppm,Tira Reagnte Papel Aplicação Quantitativo De Cloro Até 200 Ppm
160,160,80,445275,Disquete Tamanho 3 1/2POL Capacidade 1.44MB Taxa Densidade 2 Hd,Disqute Tamanho 3 1/2POL Capacidade 1.44MB Taxa Densidad 2 Hd
161,161,80,445275,Disquete Tamanho 3 1/2POL Capacidade 1.44MB Taxa Densidade 2 Hd,Disqute Tamanho 3 1/2POL Capacidade 1.44MB Taxa Densidad 2 Hd
162,162,80,445275,Disquete Tamanho 3 1/2POL Capacidade 1.44MB Taxa Densidade 2 Hd,Disqute Tamanho 3 1/2POL Capacidade 1.44MB Taxa Densidad 2 Hd
163,163,81,445275,Disquete Tamanho 3 1/2POL Capacidade 1.44MB Taxa Densidade 2 Hd,Disqute Tamanho 3 1/2POL Capacidade 1.44MB Taxa Densidad 2 Hd
164,164,82,472940,"""Doce Leite"" Ingredientes Leite Integral/Edulcorantes/Sorbitol/Sucralose Prazo Validade Mínimo 12UN Tipo Cremoso Dietético/Com Registro No Mapa - Sif/Dipoa","""Duce Leite"" Ingredientes Leite Integral/Edulcorantes/Sorbitol/Sucralose Prazo Valisdade Mínimo 12UN Tipo Cremoso Dietético/Com Registro No Mapa - Sif/Dipoa"
165,165,82,472940,"""Doce Leite"" Ingredientes Leite Integral/Edulcorantes/Sorbitol/Sucralose Prazo Validade Mínimo 12UN Tipo Cremoso Dietético/Com Registro No Mapa - Sif/Dipoa","""Duce Leite"" Ingredientes Leite Integral/Edulcorantes/Sorbitol/Sucralose Prazo Valisdade Mínimo 12UN Tipo Cremoso Dietético/Com Registro No Mapa - Sif/Dipoa"
166,166,82,472940,"""Doce Leite"" Ingredientes Leite Integral/Edulcorantes/Sorbitol/Sucralose Prazo Validade Mínimo 12UN Tipo Cremoso Dietético/Com Registro No Mapa - Sif/Dipoa","""Duce Leite"" Ingredientes Leite Integral/Edulcorantes/Sorbitol/Sucralose Prazo Valisdade Mínimo 12UN Tipo Cremoso Dietético/Com Registro No Mapa - Sif/Dipoa"
167,167,83,472940,"""Doce Leite"" Ingredientes Leite Integral/Edulcorantes/Sorbitol/Sucralose Prazo Validade Mínimo 12UN Tipo Cremoso Dietético/Com Registro No Mapa - Sif/Dipoa","""Duce Leite"" Ingredientes Leite Integral/Edulcorantes/Sorbitol/Sucralose Prazo Valisdade Mínimo 12UN Tipo Cremoso Dietético/Com Registro No Mapa - Sif/Dipoa"
168,168,84,511718,Bujão Óleo Abastecimento Referência 14325311 Aplicação Fiat Doblo Modelo: Atractive Uso Diferencial,Bijão Óleo Abastecimento Referência 14325311 Apliração Fiat Doblo Model: Atractive Uso Diferencial
169,169,84,511718,Bujão Óleo Abastecimento Referência 14325311 Aplicação Fiat Doblo Modelo: Atractive Uso Diferencial,Bijão Óleo Abastecimento Referência 14325311 Apliração Fiat Doblo Model: Atractive Uso Diferencial
170,170,84,511718,Bujão Óleo Abastecimento Referência 14325311 Aplicação Fiat Doblo Modelo: Atractive Uso Diferencial,Bijão Óleo Abastecimento Referência 14325311 Apliração Fiat Doblo Model: Atractive Uso Diferencial
171,171,85,511718,Bujão Óleo Abastecimento Referência 14325311 Aplicação Fiat Doblo Modelo: Atractive Uso Diferencial,Bijão Óleo Abastecimento Referência 14325311 Apliração Fiat Doblo Model: Atractive Uso Diferencial
172,172,86,546948,Folheto Nao Tecnico Papel Couchê Tipo Flyer Medida 15 X 21CM Tipo Impressão 4/0 Conforme Modelo,Folhero Nao Tecnco Papel Cochê Tipo Flyer Medida 15 X 21CM Tipo Impressão 4/0 Conforme Modelo
173,173,86,546948,Folheto Nao Tecnico Papel Couchê Tipo Flyer Medida 15 X 21CM Tipo Impressão 4/0 Conforme Modelo,Folhero Nao Tecnco Papel Cochê Tipo Flyer Medida 15 X 21CM Tipo Impressão 4/0 Conforme Modelo
174,174,86,546948,Folheto Nao Tecnico Papel Couchê Tipo Flyer Medida 15 X 21CM Tipo Impressão 4/0 Conforme Modelo,Folhero Nao Tecnco Papel Cochê Tipo Flyer Medida 15 X 21CM Tipo Impressão 4/0 Conforme Modelo
175,175,87,546948,Folheto Nao Tecnico Papel Couchê Tipo Flyer Medida 15 X 21CM Tipo Impressão 4/0 Conforme Modelo,Folhero Nao Tecnco Papel Cochê Tipo Flyer Medida 15 X 21CM Tipo Impressão 4/0 Conforme Modelo
176,176,88,488412,Tesoura Costura Aço Inoxidável Comprimento 12AWG Tipo Tecelão/Tesourete,Tesora Costura Aço Inoxidávil Comprimento 12AWG Tipo Tecelão/Tesorete
177,177,88,488412,Tesoura Costura Aço Inoxidável Comprimento 12AWG Tipo Tecelão/Tesourete,Tesora Costura Aço Inoxidávil Comprimento 12AWG Tipo Tecelão/Tesorete
178,178,88,488412,Tesoura Costura Aço Inoxidável Comprimento 12AWG Tipo Tecelão/Tesourete,Tesora Costura Aço Inoxidávil Comprimento 12AWG Tipo Tecelão/Tesorete
179,179,89,488412,Tesoura Costura Aço Inoxidável Comprimento 12AWG Tipo Tecelão/Tesourete,Tesora Costura Aço Inoxidávil Comprimento 12AWG Tipo Tecelão/Tesorete
180,180,90,464497,Óleo Isolante Tipo Base Mineral Naftênico Viscosidade Máxima A 40°C 11CM Viscosidade Máxima A 100ºc 3UN Ponto Fulgor 140MS Ponto Fluidez Mínima -12° C Aplicação Transformador/Equipamento Manobra,Óleo Isolamte Tipo Base Minersl Naftênico Viscosidade Máxima A 40°C 11CM Viscosidade Máxima A 100ºc 3UN Pont Fulgor 140MS Ponto Fluidez Mínima -12° C Aplicação Transformador/Equipamento Manobra
181,181,90,464497,Óleo Isolante Tipo Base Mineral Naftênico Viscosidade Máxima A 40°C 11CM Viscosidade Máxima A 100ºc 3UN Ponto Fulgor 140MS Ponto Fluidez Mínima -12° C Aplicação Transformador/Equipamento Manobra,Óleo Isolamte Tipo Base Minersl Naftênico Viscosidade Máxima A 40°C 11CM Viscosidade Máxima A 100ºc 3UN Pont Fulgor 140MS Ponto Fluidez Mínima -12° C Aplicação Transformador/Equipamento Manobra
182,182,90,464497,Óleo Isolante Tipo Base Mineral Naftênico Viscosidade Máxima A 40°C 11CM Viscosidade Máxima A 100ºc 3UN Ponto Fulgor 140MS Ponto Fluidez Mínima -12° C Aplicação Transformador/Equipamento Manobra,Óleo Isolamte Tipo Base Minersl Naftênico Viscosidade Máxima A 40°C 11CM Viscosidade Máxima A 100ºc 3UN Pont Fulgor 140MS Ponto Fluidez Mínima -12° C Aplicação Transformador/Equipamento Manobra
183,183,91,464497,Óleo Isolante Tipo Base Mineral Naftênico Viscosidade Máxima A 40°C 11CM Viscosidade Máxima A 100ºc 3UN Ponto Fulgor 140MS Ponto Fluidez Mínima -12° C Aplicação Transformador/Equipamento Manobra,Óleo Isolamte Tipo Base Minersl Naftênico Viscosidade Máxima A 40°C 11CM Viscosidade Máxima A 100ºc 3UN Pont Fulgor 140MS Ponto Fluidez Mínima -12° C Aplicação Transformador/Equipamento Manobra
184,184,92,503633,Balanceadora De Rodas Tipo Balanceamento Estático E Dinâmico Acionamento Motor Tensão Alimentação 220V Precisão 2MG Faixa Larguras Rodas 1 A 20POL Faixa Diâmetros Rodas 12 A 22POL,Balanceadora De Rodas Tipo Balanceameto Estátic E Dinâmico Acionamnto Motor Tensão Alimentação 220V Precisão 2MG Faixa Larguras Rodas 1 A 20POL Faixa Diâmetos Rodas 12 A 22POL
185,185,92,503633,Balanceadora De Rodas Tipo Balanceamento Estático E Dinâmico Acionamento Motor Tensão Alimentação 220V Precisão 2MG Faixa Larguras Rodas 1 A 20POL Faixa Diâmetros Rodas 12 A 22POL,Balanceadora De Rodas Tipo Balanceameto Estátic E Dinâmico Acionamnto Motor Tensão Alimentação 220V Precisão 2MG Faixa Larguras Rodas 1 A 20POL Faixa Diâmetos Rodas 12 A 22POL
186,186,92,503633,Balanceadora De Rodas Tipo Balanceamento Estático E Dinâmico Acionamento Motor Tensão Alimentação 220V Precisão 2MG Faixa Larguras Rodas 1 A 20POL Faixa Diâmetros Rodas 12 A 22POL,Balanceadora De Rodas Tipo Balanceameto Estátic E Dinâmico Acionamnto Motor Tensão Alimentação 220V Precisão 2MG Faixa Larguras Rodas 1 A 20POL Faixa Diâmetos Rodas 12 A 22POL
187,187,93,503633,Balanceadora De Rodas Tipo Balanceamento Estático E Dinâmico Acionamento Motor Tensão Alimentação 220V Precisão 2MG Faixa Larguras Rodas 1 A 20POL Faixa Diâmetros Rodas 12 A 22POL,Balanceadora De Rodas Tipo Balanceameto Estátic E Dinâmico Acionamnto Motor Tensão Alimentação 220V Precisão 2MG Faixa Larguras Rodas 1 A 20POL Faixa Diâmetos Rodas 12 A 22POL
188,188,94,503940,Bancada Profissional Aço Carbono E Compensado Naval Comprimento 200V Largura 60MM Altura 92MM Espessura 40X Aplicação Laboratório Tampo Compensado Naval Ou Pinus E Envernizado De 4 Componentes 2 Gavetas Com Cadeado,Bancada Profissional Aço Carbono E Compensado Naval Comprimento 200V Largura 60MM Altura 92MM Espessura 40X Aplicação Laboratóro Tampo Compensado Navsl Ou Pinus E Envernizado De 4 Componentes 2 Gavetas Com Cadeado
189,189,94,503940,Bancada Profissional Aço Carbono E Compensado Naval Comprimento 200V Largura 60MM Altura 92MM Espessura 40X Aplicação Laboratório Tampo Compensado Naval Ou Pinus E Envernizado De 4 Componentes 2 Gavetas Com Cadeado,Bancada Profissional Aço Carbono E Compensado Naval Comprimento 200V Largura 60MM Altura 92MM Espessura 40X Aplicação Laboratóro Tampo Compensado Navsl Ou Pinus E Envernizado De 4 Componentes 2 Gavetas Com Cadeado
190,190,94,503940,Bancada Profissional Aço Carbono E Compensado Naval Comprimento 200V Largura 60MM Altura 92MM Espessura 40X Aplicação Laboratório Tampo Compensado Naval Ou Pinus E Envernizado De 4 Componentes 2 Gavetas Com Cadeado,Bancada Profissional Aço Carbono E Compensado Naval Comprimento 200V Largura 60MM Altura 92MM Espessura 40X Aplicação Laboratóro Tampo Compensado Navsl Ou Pinus E Envernizado De 4 Componentes 2 Gavetas Com Cadeado
191,191,95,503940,Bancada Profissional Aço Carbono E Compensado Naval Comprimento 200V Largura 60MM Altura 92MM Espessura 40X Aplicação Laboratório Tampo Compensado Naval Ou Pinus E Envernizado De 4 Componentes 2 Gavetas Com Cadeado,Bancada Profissional Aço Carbono E Compensado Naval Comprimento 200V Largura 60MM Altura 92MM Espessura 40X Aplicação Laboratóro Tampo Compensado Navsl Ou Pinus E Envernizado De 4 Componentes 2 Gavetas Com Cadeado
192,192,96,501271,"Acoplamento Elástico Poliuretano Modelo Ômega E70m Rexnord Aplicação Bomba D'Água Bipartido, Diãmetro Externo 356mm","Acoplamento Elástico Poliureteno Modelo Ômega E70m Rexnod Aplicação Bomba D'Água Bipartido, Diãmetro Externo 356mm"
193,193,96,501271,"Acoplamento Elástico Poliuretano Modelo Ômega E70m Rexnord Aplicação Bomba D'Água Bipartido, Diãmetro Externo 356mm","Acoplamento Elástico Poliureteno Modelo Ômega E70m Rexnod Aplicação Bomba D'Água Bipartido, Diãmetro Externo 356mm"
194,194,96,501271,"Acoplamento Elástico Poliuretano Modelo Ômega E70m Rexnord Aplicação Bomba D'Água Bipartido, Diãmetro Externo 356mm","Acoplamento Elástico Poliureteno Modelo Ômega E70m Rexnod Aplicação Bomba D'Água Bipartido, Diãmetro Externo 356mm"
195,195,97,501271,"Acoplamento Elástico Poliuretano Modelo Ômega E70m Rexnord Aplicação Bomba D'Água Bipartido, Diãmetro Externo 356mm","Acoplamento Elástico Poliureteno Modelo Ômega E70m Rexnod Aplicação Bomba D'Água Bipartido, Diãmetro Externo 356mm"
196,196,98,499075,Anticorrosivo Apresentação Líquido Aspecto Físico Líquido Viscoso Composição Aditivos Lubrificantes E Anticorrosivos Outros Componentes Lubrificante,Anticorrosivo Apresentação Líquido Aspecto Físico Líquido Vicoso Composição Aditivos Lubrificantes E Anticorosivos Outros Componentes Lubrficante
197,197,98,499075,Anticorrosivo Apresentação Líquido Aspecto Físico Líquido Viscoso Composição Aditivos Lubrificantes E Anticorrosivos Outros Componentes Lubrificante,Anticorrosivo Apresentação Líquido Aspecto Físico Líquido Vicoso Composição Aditivos Lubrificantes E Anticorosivos Outros Componentes Lubrficante
198,198,98,499075,Anticorrosivo Apresentação Líquido Aspecto Físico Líquido Viscoso Composição Aditivos Lubrificantes E Anticorrosivos Outros Componentes Lubrificante,Anticorrosivo Apresentação Líquido Aspecto Físico Líquido Vicoso Composição Aditivos Lubrificantes E Anticorosivos Outros Componentes Lubrficante
199,199,99,499075,Anticorrosivo Apresentação Líquido Aspecto Físico Líquido Viscoso Composição Aditivos Lubrificantes E Anticorrosivos Outros Componentes Lubrificante,Anticorrosivo Apresentação Líquido Aspecto Físico Líquido Vicoso Composição Aditivos Lubrificantes E Anticorosivos Outros Componentes Lubrficante
