,Unnamed: 0.1,Unnamed: 0,idx,query,page_size,abordagem,sinonimos,erros_digitacao,reordenados,result_query,result_sinonimos,result_erros_digitacao,result_reordenados
0,0,0,0,"Bloco Altura 19POL Argila Comprimento 29T Largura 14UN Compressão Mínima De 2,5 Mpa",100,lexico,"Bloco de Argila com Altura 19POLEGADAS e Comprimento 29T Largura 14UNIDADES Compressão De 2,5Mpa","Bloco Altura 19POL Argila Comprimento 29T Largura 14UN Compressão Mínima De 2,5 Mpa","Bloco Altura 19POL Largura 14UN Argila Comprimento 29T Compressão Mínima De 2,5 Mpa","{""took"":0,""timed_out"":false,""_shards"":{""total"":3,""successful"":3,""skipped"":0,""failed"":0},""hits"":{""total"":{""value"":0,""relation"":""eq""},""max_score"":null,""hits"":[]}}","{""took"":0,""timed_out"":false,""_shards"":{""total"":3,""successful"":3,""skipped"":0,""failed"":0},""hits"":{""total"":{""value"":0,""relation"":""eq""},""max_score"":null,""hits"":[]}}","{""took"":0,""timed_out"":false,""_shards"":{""total"":3,""successful"":3,""skipped"":0,""failed"":0},""hits"":{""total"":{""value"":0,""relation"":""eq""},""max_score"":null,""hits"":[]}}","{""took"":0,""timed_out"":false,""_shards"":{""total"":3,""successful"":3,""skipped"":0,""failed"":0},""hits"":{""total"":{""value"":0,""relation"":""eq""},""max_score"":null,""hits"":[]}}"
1,1,1,0,"Bloco Altura 19POL Argila Comprimento 29T Largura 14UN Compressão Mínima De 2,5 Mpa",100,semantico,"Bloco de Argila com Altura 19POLEGADAS e Comprimento 29T Largura 14UNIDADES Compressão De 2,5Mpa","Bloco Altura 19POL Argila Comprimento 29T Largura 14UN Compressão Mínima De 2,5 Mpa","Bloco Altura 19POL Largura 14UN Argila Comprimento 29T Compressão Mínima De 2,5 Mpa",,,,
2,2,2,1,"Retroescavadeira Potência Operacional Mínima 85MS Peso Vazia 6.800KG Capacidade Mínima Carregadeira 0,96M3 Capacidade Mínima Escavadeira 0,30MM2",100,lexico,"Trator de terraplanagem Potência Operacional Mínima 85 Metros por Segundo Peso Vazio 6.800 Quilogramas Capacidade Mínima da Caçamba 0,96 Metros Cúbicos Capacidade Mínima da Escavadeira 0,30Metros Quadrados","Retroescavadeira Potência Operacnal Mínima 85MS Peso Vzia 6.800KG Capcidade Mínima Carregadreira 0,96M3 Capacidade Mínima Escavadeira 0,30MM2","Retroescavadeira Peso Vazia 6.800KG Potência Operacional Mínima 85MS Capacidade Mínima Escavadeira 0,30MM2 Capacidade Mínima Carregadeira 0,96M3","{""took"":0,""timed_out"":false,""_shards"":{""total"":3,""successful"":3,""skipped"":0,""failed"":0},""hits"":{""total"":{""value"":0,""relation"":""eq""},""max_score"":null,""hits"":[]}}","{""took"":0,""timed_out"":false,""_shards"":{""total"":3,""successful"":3,""skipped"":0,""failed"":0},""hits"":{""total"":{""value"":0,""relation"":""eq""},""max_score"":null,""hits"":[]}}","{""took"":0,""timed_out"":false,""_shards"":{""total"":3,""successful"":3,""skipped"":0,""failed"":0},""hits"":{""total"":{""value"":0,""relation"":""eq""},""max_score"":null,""hits"":[]}}","{""took"":0,""timed_out"":false,""_shards"":{""total"":3,""successful"":3,""skipped"":0,""failed"":0},""hits"":{""total"":{""value"":0,""relation"":""eq""},""max_score"":null,""hits"":[]}}"
3,3,3,1,"Retroescavadeira Potência Operacional Mínima 85MS Peso Vazia 6.800KG Capacidade Mínima Carregadeira 0,96M3 Capacidade Mínima Escavadeira 0,30MM2",100,semantico,"Trator de terraplanagem Potência Operacional Mínima 85 Metros por Segundo Peso Vazio 6.800 Quilogramas Capacidade Mínima da Caçamba 0,96 Metros Cúbicos Capacidade Mínima da Escavadeira 0,30Metros Quadrados","Retroescavadeira Potência Operacnal Mínima 85MS Peso Vzia 6.800KG Capcidade Mínima Carregadreira 0,96M3 Capacidade Mínima Escavadeira 0,30MM2","Retroescavadeira Peso Vazia 6.800KG Potência Operacional Mínima 85MS Capacidade Mínima Escavadeira 0,30MM2 Capacidade Mínima Carregadeira 0,96M3",,,,
4,4,4,2,Bandeja Revelação Plástico Ranhuras Fundo E Apoio Para Termômetro Altura 7L/MIN Comprimento 18POL Largura 13 Cor Bege,100,lexico,Bandeja Reveladora de Plástico RanHuras no Fundo e Suporte para Termômetro Altura 7L/MIN Comprimento 18 Polegadas Largura 13 Coloração Bege,Bandeja Revelação Plástico Ranuras Fundo E Apoio Para Termômetro Altura 7L/MIN Comprimeno 18POL Largura,Bandeja Revelação Plástico Comprimento 18POL Largura 13 Cor Bege Ranhuras Fundo E Apoio Para Termômetro Altura 7L/MIN,"{""took"":0,""timed_out"":false,""_shards"":{""total"":3,""successful"":3,""skipped"":0,""failed"":0},""hits"":{""total"":{""value"":0,""relation"":""eq""},""max_score"":null,""hits"":[]}}","{""took"":0,""timed_out"":false,""_shards"":{""total"":3,""successful"":3,""skipped"":0,""failed"":0},""hits"":{""total"":{""value"":0,""relation"":""eq""},""max_score"":null,""hits"":[]}}","{""took"":0,""timed_out"":false,""_shards"":{""total"":3,""successful"":3,""skipped"":0,""failed"":0},""hits"":{""total"":{""value"":0,""relation"":""eq""},""max_score"":null,""hits"":[]}}","{""took"":0,""timed_out"":false,""_shards"":{""total"":3,""successful"":3,""skipped"":0,""failed"":0},""hits"":{""total"":{""value"":0,""relation"":""eq""},""max_score"":null,""hits"":[]}}"
5,5,5,2,Bandeja Revelação Plástico Ranhuras Fundo E Apoio Para Termômetro Altura 7L/MIN Comprimento 18POL Largura 13 Cor Bege,100,semantico,Bandeja Reveladora de Plástico RanHuras no Fundo e Suporte para Termômetro Altura 7L/MIN Comprimento 18 Polegadas Largura 13 Coloração Bege,Bandeja Revelação Plástico Ranuras Fundo E Apoio Para Termômetro Altura 7L/MIN Comprimeno 18POL Largura,Bandeja Revelação Plástico Comprimento 18POL Largura 13 Cor Bege Ranhuras Fundo E Apoio Para Termômetro Altura 7L/MIN,,,,
6,6,6,3,Forno Mufla Aplicação Tratamento Térmico Temperatura Máxima 1.400V Largura 600MBPS Altura 400V Profundidade 680MMHG Volume 163MM,100,lexico,Forno de Mufla Utilizado em Tratamento Térmico Temperatura Máxima 1.400Volts Largura 600MBPS Altura 400V Profundidade 680 Milímetros de Mercúrio Volume 163 Milímetros Cúbicos,Forno Mufla Aplcação Tratamento Térmico Tempertura Máxima 1.400V Largura 600MBPS Altura 400V Profundidade 680MMHG Volume 163MM,Forno Mufla Aplicação Tratamento Térmico Temperatura Máxima 1.400V Profundidade 680MMHG Volume 163MM Largura 600MBPS Altura 400V,"{""took"":0,""timed_out"":false,""_shards"":{""total"":3,""successful"":3,""skipped"":0,""failed"":0},""hits"":{""total"":{""value"":0,""relation"":""eq""},""max_score"":null,""hits"":[]}}","{""took"":0,""timed_out"":false,""_shards"":{""total"":3,""successful"":3,""skipped"":0,""failed"":0},""hits"":{""total"":{""value"":0,""relation"":""eq""},""max_score"":null,""hits"":[]}}","{""took"":0,""timed_out"":false,""_shards"":{""total"":3,""successful"":3,""skipped"":0,""failed"":0},""hits"":{""total"":{""value"":0,""relation"":""eq""},""max_score"":null,""hits"":[]}}","{""took"":0,""timed_out"":false,""_shards"":{""total"":3,""successful"":3,""skipped"":0,""failed"":0},""hits"":{""total"":{""value"":0,""relation"":""eq""},""max_score"":null,""hits"":[]}}"
7,7,7,3,Forno Mufla Aplicação Tratamento Térmico Temperatura Máxima 1.400V Largura 600MBPS Altura 400V Profundidade 680MMHG Volume 163MM,100,semantico,Forno de Mufla Utilizado em Tratamento Térmico Temperatura Máxima 1.400Volts Largura 600MBPS Altura 400V Profundidade 680 Milímetros de Mercúrio Volume 163 Milímetros Cúbicos,Forno Mufla Aplcação Tratamento Térmico Tempertura Máxima 1.400V Largura 600MBPS Altura 400V Profundidade 680MMHG Volume 163MM,Forno Mufla Aplicação Tratamento Térmico Temperatura Máxima 1.400V Profundidade 680MMHG Volume 163MM Largura 600MBPS Altura 400V,,,,
8,8,8,4,Retificador Soldagem Alimentação 220/380/440VCA Freqüência 60MM Soldagem Eletrodos Até 6 Mm Diâmetro Corrente 400V Peso 250W,100,lexico,Retificador de Soldagem Alimentação 220/380/440 Voltz em corrente alternada Frequência 60MM Soldagem com Eletrodos de até 6 Milímetros de Diâmetro Corrente 400Voltz Peso 250 W,Retificador Soldag Alimentção 220/380/440VCA Freqüência 60MM Soldagem Eletrodos Até 6 Mm Diâmetro Corrente 400V Peso 250W,Retificador Soldagem Freqüência 60MM Alimentação 220/380/440VCA Diâmetro Corrente 400V Peso 250W Soldagem Eletrodos Até 6 Mm,"{""took"":0,""timed_out"":false,""_shards"":{""total"":3,""successful"":3,""skipped"":0,""failed"":0},""hits"":{""total"":{""value"":0,""relation"":""eq""},""max_score"":null,""hits"":[]}}","{""took"":0,""timed_out"":false,""_shards"":{""total"":3,""successful"":3,""skipped"":0,""failed"":0},""hits"":{""total"":{""value"":0,""relation"":""eq""},""max_score"":null,""hits"":[]}}","{""took"":0,""timed_out"":false,""_shards"":{""total"":3,""successful"":3,""skipped"":0,""failed"":0},""hits"":{""total"":{""value"":0,""relation"":""eq""},""max_score"":null,""hits"":[]}}","{""took"":0,""timed_out"":false,""_shards"":{""total"":3,""successful"":3,""skipped"":0,""failed"":0},""hits"":{""total"":{""value"":0,""relation"":""eq""},""max_score"":null,""hits"":[]}}"
9,9,9,4,Retificador Soldagem Alimentação 220/380/440VCA Freqüência 60MM Soldagem Eletrodos Até 6 Mm Diâmetro Corrente 400V Peso 250W,100,semantico,Retificador de Soldagem Alimentação 220/380/440 Voltz em corrente alternada Frequência 60MM Soldagem com Eletrodos de até 6 Milímetros de Diâmetro Corrente 400Voltz Peso 250 W,Retificador Soldag Alimentção 220/380/440VCA Freqüência 60MM Soldagem Eletrodos Até 6 Mm Diâmetro Corrente 400V Peso 250W,Retificador Soldagem Freqüência 60MM Alimentação 220/380/440VCA Diâmetro Corrente 400V Peso 250W Soldagem Eletrodos Até 6 Mm,,,,
10,10,10,5,"Máquina Solda Portátil Freqüência Nominal 50/60HZ Tipo Inversora Tensão BivoltV Fator Potência 0,73 Faixa Corrente 10165ªA Corrente De Entrada: 28.5ª",100,lexico,"Máquina Inversora de Solda Frequência Nominal 50/60 Hertz Tipo Inversora Tensão Bivolt Volts Fator de Potência 0,73 Com Faixas de Corrente 10165ªAmperes Corrente de Entrada: 28,5Amperes","Máquna Solda Portátil Freqüência Noninal 50/60HZ Tipo Inversora Tensão BivoltV Fator Potência 0,73 Faixa Corrente 10165ªA Corrente De Entrda: 28.5ª","Máquina Solda Portátil Tipo Inversora Tensão BivoltV Freqüência Nominal 50/60HZ Fator Potência 0,73 Faixa Corrente 10165ªA Corrente De Entrada: 28.5ª","{""took"":0,""timed_out"":false,""_shards"":{""total"":3,""successful"":3,""skipped"":0,""failed"":0},""hits"":{""total"":{""value"":0,""relation"":""eq""},""max_score"":null,""hits"":[]}}","{""took"":0,""timed_out"":false,""_shards"":{""total"":3,""successful"":3,""skipped"":0,""failed"":0},""hits"":{""total"":{""value"":0,""relation"":""eq""},""max_score"":null,""hits"":[]}}","{""took"":0,""timed_out"":false,""_shards"":{""total"":3,""successful"":3,""skipped"":0,""failed"":0},""hits"":{""total"":{""value"":0,""relation"":""eq""},""max_score"":null,""hits"":[]}}","{""took"":0,""timed_out"":false,""_shards"":{""total"":3,""successful"":3,""skipped"":0,""failed"":0},""hits"":{""total"":{""value"":0,""relation"":""eq""},""max_score"":null,""hits"":[]}}"
11,11,11,5,"Máquina Solda Portátil Freqüência Nominal 50/60HZ Tipo Inversora Tensão BivoltV Fator Potência 0,73 Faixa Corrente 10165ªA Corrente De Entrada: 28.5ª",100,semantico,"Máquina Inversora de Solda Frequência Nominal 50/60 Hertz Tipo Inversora Tensão Bivolt Volts Fator de Potência 0,73 Com Faixas de Corrente 10165ªAmperes Corrente de Entrada: 28,5Amperes","Máquna Solda Portátil Freqüência Noninal 50/60HZ Tipo Inversora Tensão BivoltV Fator Potência 0,73 Faixa Corrente 10165ªA Corrente De Entrda: 28.5ª","Máquina Solda Portátil Tipo Inversora Tensão BivoltV Freqüência Nominal 50/60HZ Fator Potência 0,73 Faixa Corrente 10165ªA Corrente De Entrada: 28.5ª",,,,
12,12,12,6,Empilhadeira Elétrica Capacidade 1.500VA Corrente Alimentação Contínua Altura Elevação Garfo 3.600MM Comprimento Total 1.750RPM Largura Externa Garfo 680MMHG Peso 1.135KG Com Bateria E Carregador,100,lexico,Empilhadeira Elétrica Capacidade 1.500 Volt-Amperes Corrente de Alimentação Contínua Altura de Elevação dos Garfos 3.600 Milímetros Comprimento Total 1.750 Rotações por Minuto Largura Externa dos Garfos 680 Milímetros de Mercúrio Peso 1.135 Quilogramas Com Bateria e Carregador,Empilhadeira Elétrica Capadidade 1.500VA Corrente Alimentação Contínua Altura Elevação Garfo 3.600MM Compriment Total 1.750RPM Largura Externa Garfo 680MMHG Peso 1.135KG Com Batrria E Carregador,Empilhadeira Elétrica Corrente Alimentação Contínua  Capacidade 1.500VA Altura Elevação Garfo 3.600MM Largura Externa Garfo 680MMHG Peso 1.135KG  Comprimento Total 1.750RPM Com Bateria E Carregador,"{""took"":0,""timed_out"":false,""_shards"":{""total"":3,""successful"":3,""skipped"":0,""failed"":0},""hits"":{""total"":{""value"":0,""relation"":""eq""},""max_score"":null,""hits"":[]}}","{""took"":0,""timed_out"":false,""_shards"":{""total"":3,""successful"":3,""skipped"":0,""failed"":0},""hits"":{""total"":{""value"":0,""relation"":""eq""},""max_score"":null,""hits"":[]}}","{""took"":0,""timed_out"":false,""_shards"":{""total"":3,""successful"":3,""skipped"":0,""failed"":0},""hits"":{""total"":{""value"":0,""relation"":""eq""},""max_score"":null,""hits"":[]}}","{""took"":0,""timed_out"":false,""_shards"":{""total"":3,""successful"":3,""skipped"":0,""failed"":0},""hits"":{""total"":{""value"":0,""relation"":""eq""},""max_score"":null,""hits"":[]}}"
13,13,13,6,Empilhadeira Elétrica Capacidade 1.500VA Corrente Alimentação Contínua Altura Elevação Garfo 3.600MM Comprimento Total 1.750RPM Largura Externa Garfo 680MMHG Peso 1.135KG Com Bateria E Carregador,100,semantico,Empilhadeira Elétrica Capacidade 1.500 Volt-Amperes Corrente de Alimentação Contínua Altura de Elevação dos Garfos 3.600 Milímetros Comprimento Total 1.750 Rotações por Minuto Largura Externa dos Garfos 680 Milímetros de Mercúrio Peso 1.135 Quilogramas Com Bateria e Carregador,Empilhadeira Elétrica Capadidade 1.500VA Corrente Alimentação Contínua Altura Elevação Garfo 3.600MM Compriment Total 1.750RPM Largura Externa Garfo 680MMHG Peso 1.135KG Com Batrria E Carregador,Empilhadeira Elétrica Corrente Alimentação Contínua  Capacidade 1.500VA Altura Elevação Garfo 3.600MM Largura Externa Garfo 680MMHG Peso 1.135KG  Comprimento Total 1.750RPM Com Bateria E Carregador,,,,
14,14,14,7,"Serra Portátil Tipo Sabre Quantidade Golpes Por Minuto 2.800MM Tensão Alimentação 220/230V Capacidade Corte Madeira 90GRA Capacidade Corte Aço 90GRA Capacidade Corte Alumínio 90GRA Potência 590MM Peso 2,90L Alimentação Bateria, Freio Elétrico E Comprimento",100,lexico,"Serra Portátil Estilo Sabre Golpes Por Minuto 2.800MM Voltagem de Alimentação 220/230Volts Capacidade de Corte Madeira 90GRAUS Capacidade de Corte Aço 90GRAUS Capacidade de Corte Alumínio 90GRAUS Potência 590MM Peso 2,90L - Fonte de Energia a Bateria, Sistema de Freio Elétrico, Comprimento","Serra Portetil Tipo Sasbre Quantidade Golps Por Minito 2.800MM Tensão Alimentazção 220/230V Capacidade Corte Madeira 90GRA Capacdade Corte Aço 90GRA Capacidade Corte Alimínio 90GRA Potência 590MM Peso 2,90L Alimentação Bateria, Freio Elétrico E Compimento","Tipo Sabre Serra Portátil Potência 590MM Peso 2,90L Tensão Alimentação 220/230V Capacidade Corte Madeira 90GRA Capacidade Corte Aço 90GRA Capacidade Corte Alumínio 90GRA Alimentação Bateria, Freio Elétrico E Comprimento Quantidade Golpes Por Minuto 2.800MM","{""took"":0,""timed_out"":false,""_shards"":{""total"":3,""successful"":3,""skipped"":0,""failed"":0},""hits"":{""total"":{""value"":0,""relation"":""eq""},""max_score"":null,""hits"":[]}}","{""took"":0,""timed_out"":false,""_shards"":{""total"":3,""successful"":3,""skipped"":0,""failed"":0},""hits"":{""total"":{""value"":0,""relation"":""eq""},""max_score"":null,""hits"":[]}}","{""took"":0,""timed_out"":false,""_shards"":{""total"":3,""successful"":3,""skipped"":0,""failed"":0},""hits"":{""total"":{""value"":0,""relation"":""eq""},""max_score"":null,""hits"":[]}}","{""took"":0,""timed_out"":false,""_shards"":{""total"":3,""successful"":3,""skipped"":0,""failed"":0},""hits"":{""total"":{""value"":0,""relation"":""eq""},""max_score"":null,""hits"":[]}}"
15,15,15,7,"Serra Portátil Tipo Sabre Quantidade Golpes Por Minuto 2.800MM Tensão Alimentação 220/230V Capacidade Corte Madeira 90GRA Capacidade Corte Aço 90GRA Capacidade Corte Alumínio 90GRA Potência 590MM Peso 2,90L Alimentação Bateria, Freio Elétrico E Comprimento",100,semantico,"Serra Portátil Estilo Sabre Golpes Por Minuto 2.800MM Voltagem de Alimentação 220/230Volts Capacidade de Corte Madeira 90GRAUS Capacidade de Corte Aço 90GRAUS Capacidade de Corte Alumínio 90GRAUS Potência 590MM Peso 2,90L - Fonte de Energia a Bateria, Sistema de Freio Elétrico, Comprimento","Serra Portetil Tipo Sasbre Quantidade Golps Por Minito 2.800MM Tensão Alimentazção 220/230V Capacidade Corte Madeira 90GRA Capacdade Corte Aço 90GRA Capacidade Corte Alimínio 90GRA Potência 590MM Peso 2,90L Alimentação Bateria, Freio Elétrico E Compimento","Tipo Sabre Serra Portátil Potência 590MM Peso 2,90L Tensão Alimentação 220/230V Capacidade Corte Madeira 90GRA Capacidade Corte Aço 90GRA Capacidade Corte Alumínio 90GRA Alimentação Bateria, Freio Elétrico E Comprimento Quantidade Golpes Por Minuto 2.800MM",,,,
16,16,16,8,"Estação Solda Tensão Alimentação 110/220V Formato Ponta Cônica Fina Curva (0,4 E 0,5mm), Cônica Curva (3,5 Controle Termostático Incluído, Com Variação De +/- 3°C Acompanha Ferro De Solda, Suporte P/ Ferro De Sol Faixa Temperatura 100 A 450°C",100,lexico,"Estação de Solda Tensão de Alimentação 110/220 Volts Formato da Ponta conoidal Fina Curva (0,4 e 0,5 milímetros), Cônica Curva (3,5 Controle Termostático Incluído, Com Variação de +/- 3Graus Celsius - contém também Ferro de Solda, Suporte para Ferro de Solda Faixa de Temperatura 100 a 450 Graus Celsius","Estção Solda Tensão Alimenta ção 110/220V Formato Ponta Cônica Fina Curva (0,4 E 0,5mm), Cônica Curva (3,5 Controle Termostático Incluído, Com Variação De +/- 3°C Acompanha Ferro De Soida, Suporte P/ Ferro De Sol Faixa Temperatura 100 A 450°C","Estação Solda Formato Ponta Cônica Fina Curva (0,4 E 0,5mm), Cônica Curva (3,5 Controle Termostático Incluído, Com Variação De +/- 3°C Tensão Alimentação 110/220V Acompanha Ferro De Solda, Suporte P/ Ferro De Sol Faixa Temperatura 100 A 450°C""","{""took"":0,""timed_out"":false,""_shards"":{""total"":3,""successful"":3,""skipped"":0,""failed"":0},""hits"":{""total"":{""value"":0,""relation"":""eq""},""max_score"":null,""hits"":[]}}","{""took"":0,""timed_out"":false,""_shards"":{""total"":3,""successful"":3,""skipped"":0,""failed"":0},""hits"":{""total"":{""value"":0,""relation"":""eq""},""max_score"":null,""hits"":[]}}","{""took"":0,""timed_out"":false,""_shards"":{""total"":3,""successful"":3,""skipped"":0,""failed"":0},""hits"":{""total"":{""value"":0,""relation"":""eq""},""max_score"":null,""hits"":[]}}","{""took"":0,""timed_out"":false,""_shards"":{""total"":3,""successful"":3,""skipped"":0,""failed"":0},""hits"":{""total"":{""value"":0,""relation"":""eq""},""max_score"":null,""hits"":[]}}"
17,17,17,8,"Estação Solda Tensão Alimentação 110/220V Formato Ponta Cônica Fina Curva (0,4 E 0,5mm), Cônica Curva (3,5 Controle Termostático Incluído, Com Variação De +/- 3°C Acompanha Ferro De Solda, Suporte P/ Ferro De Sol Faixa Temperatura 100 A 450°C",100,semantico,"Estação de Solda Tensão de Alimentação 110/220 Volts Formato da Ponta conoidal Fina Curva (0,4 e 0,5 milímetros), Cônica Curva (3,5 Controle Termostático Incluído, Com Variação de +/- 3Graus Celsius - contém também Ferro de Solda, Suporte para Ferro de Solda Faixa de Temperatura 100 a 450 Graus Celsius","Estção Solda Tensão Alimenta ção 110/220V Formato Ponta Cônica Fina Curva (0,4 E 0,5mm), Cônica Curva (3,5 Controle Termostático Incluído, Com Variação De +/- 3°C Acompanha Ferro De Soida, Suporte P/ Ferro De Sol Faixa Temperatura 100 A 450°C","Estação Solda Formato Ponta Cônica Fina Curva (0,4 E 0,5mm), Cônica Curva (3,5 Controle Termostático Incluído, Com Variação De +/- 3°C Tensão Alimentação 110/220V Acompanha Ferro De Solda, Suporte P/ Ferro De Sol Faixa Temperatura 100 A 450°C""",,,,
18,18,18,9,"Alvo De Tiro Papel Cartão Tipo Quadrado Tamanho 55 X 55MM Alvo Para Pistola, De Competição, 25 E 50 M.",100,lexico,"Alvo para Prática de Tiro Material Papel Cartão Formato Quadrado Dimensões 55 por 55MILIMETROS Especificações: Uso em Competições de Pistola, Distâncias de 25 e 50 Metros","Alvo De Tiro Papel Cartão Tipo Quadrsdo Tamanh 55 X 55MM Alvo Para Pistola, De Competição, 25 E 50 M.","Papel Cartão Tipo Quadrado Tamanho 55 X 55MM Alvo Para Pistola, De Competição, 25 E 50 M. Alvo De Tiro","{""took"":0,""timed_out"":false,""_shards"":{""total"":3,""successful"":3,""skipped"":0,""failed"":0},""hits"":{""total"":{""value"":0,""relation"":""eq""},""max_score"":null,""hits"":[]}}","{""took"":0,""timed_out"":false,""_shards"":{""total"":3,""successful"":3,""skipped"":0,""failed"":0},""hits"":{""total"":{""value"":0,""relation"":""eq""},""max_score"":null,""hits"":[]}}","{""took"":0,""timed_out"":false,""_shards"":{""total"":3,""successful"":3,""skipped"":0,""failed"":0},""hits"":{""total"":{""value"":0,""relation"":""eq""},""max_score"":null,""hits"":[]}}","{""took"":0,""timed_out"":false,""_shards"":{""total"":3,""successful"":3,""skipped"":0,""failed"":0},""hits"":{""total"":{""value"":0,""relation"":""eq""},""max_score"":null,""hits"":[]}}"
19,19,19,9,"Alvo De Tiro Papel Cartão Tipo Quadrado Tamanho 55 X 55MM Alvo Para Pistola, De Competição, 25 E 50 M.",100,semantico,"Alvo para Prática de Tiro Material Papel Cartão Formato Quadrado Dimensões 55 por 55MILIMETROS Especificações: Uso em Competições de Pistola, Distâncias de 25 e 50 Metros","Alvo De Tiro Papel Cartão Tipo Quadrsdo Tamanh 55 X 55MM Alvo Para Pistola, De Competição, 25 E 50 M.","Papel Cartão Tipo Quadrado Tamanho 55 X 55MM Alvo Para Pistola, De Competição, 25 E 50 M. Alvo De Tiro",,,,
20,20,20,10,Bebida Alcoólica Procedência Nacional Tipo Saquê Teor Alcoolico 15 A 35°C,100,lexico,Bebida Alcoólica Origem Nacional Estilo Sake Graduação Alcoólica 15 A 35°C,Bebida Alcolica Precedência Nacional Tipo Saquê Teor Alcolico 15 A 35°C,Teor Alcoolico 15 A 35°C Bebida Alcoólica Procedência Nacional Tipo Saquê,"{""took"":0,""timed_out"":false,""_shards"":{""total"":3,""successful"":3,""skipped"":0,""failed"":0},""hits"":{""total"":{""value"":0,""relation"":""eq""},""max_score"":null,""hits"":[]}}","{""took"":0,""timed_out"":false,""_shards"":{""total"":3,""successful"":3,""skipped"":0,""failed"":0},""hits"":{""total"":{""value"":0,""relation"":""eq""},""max_score"":null,""hits"":[]}}","{""took"":0,""timed_out"":false,""_shards"":{""total"":3,""successful"":3,""skipped"":0,""failed"":0},""hits"":{""total"":{""value"":0,""relation"":""eq""},""max_score"":null,""hits"":[]}}","{""took"":0,""timed_out"":false,""_shards"":{""total"":3,""successful"":3,""skipped"":0,""failed"":0},""hits"":{""total"":{""value"":0,""relation"":""eq""},""max_score"":null,""hits"":[]}}"
21,21,21,10,Bebida Alcoólica Procedência Nacional Tipo Saquê Teor Alcoolico 15 A 35°C,100,semantico,Bebida Alcoólica Origem Nacional Estilo Sake Graduação Alcoólica 15 A 35°C,Bebida Alcolica Precedência Nacional Tipo Saquê Teor Alcolico 15 A 35°C,Teor Alcoolico 15 A 35°C Bebida Alcoólica Procedência Nacional Tipo Saquê,,,,
22,22,22,11,Êmbolo Válvula Hidráulica Plástico Rígido Aplicação Válvula Descarga Bitola 1 1/2POL,100,lexico,"Êmbolo para Válvula Hidráulica em Plástico Rígido, Utilizado em Válvulas de Descarga com Bitola de 1 1/2 Polegadas",Êmbolo Válvula Hidráulca Plástico Rígido Aplicação Válvla Descarga Bitola 1 1/2POL,Êmbolo  Plástico Válvula Hidráulica Rígido Aplicação Válvula Descarga Bitola 1 1/2POL,"{""took"":0,""timed_out"":false,""_shards"":{""total"":3,""successful"":3,""skipped"":0,""failed"":0},""hits"":{""total"":{""value"":0,""relation"":""eq""},""max_score"":null,""hits"":[]}}","{""took"":0,""timed_out"":false,""_shards"":{""total"":3,""successful"":3,""skipped"":0,""failed"":0},""hits"":{""total"":{""value"":0,""relation"":""eq""},""max_score"":null,""hits"":[]}}","{""took"":0,""timed_out"":false,""_shards"":{""total"":3,""successful"":3,""skipped"":0,""failed"":0},""hits"":{""total"":{""value"":0,""relation"":""eq""},""max_score"":null,""hits"":[]}}","{""took"":0,""timed_out"":false,""_shards"":{""total"":3,""successful"":3,""skipped"":0,""failed"":0},""hits"":{""total"":{""value"":0,""relation"":""eq""},""max_score"":null,""hits"":[]}}"
23,23,23,11,Êmbolo Válvula Hidráulica Plástico Rígido Aplicação Válvula Descarga Bitola 1 1/2POL,100,semantico,"Êmbolo para Válvula Hidráulica em Plástico Rígido, Utilizado em Válvulas de Descarga com Bitola de 1 1/2 Polegadas",Êmbolo Válvula Hidráulca Plástico Rígido Aplicação Válvla Descarga Bitola 1 1/2POL,Êmbolo  Plástico Válvula Hidráulica Rígido Aplicação Válvula Descarga Bitola 1 1/2POL,,,,
24,24,24,12,Grafite Grau Msp7 Isostático Apresentação Bloco Comprimento 180°C Largura 180°C Altura 300L,100,lexico,Grafite de Grau MSP7 Isostático Disponível em Formato de Bloco com Dimensões de 180 x 180 Milímetros e Altura de 300 Milímetros,Grafiti Grau Msp7 Isostático Apresentação Bloco Comprinento 180°C Largura 180°C Altura 300L,Grafite Grau Msp7 Isostático Apresentação Altura 300L Largura 180°C  Bloco Comprimento 180°C,"{""took"":0,""timed_out"":false,""_shards"":{""total"":3,""successful"":3,""skipped"":0,""failed"":0},""hits"":{""total"":{""value"":0,""relation"":""eq""},""max_score"":null,""hits"":[]}}","{""took"":0,""timed_out"":false,""_shards"":{""total"":3,""successful"":3,""skipped"":0,""failed"":0},""hits"":{""total"":{""value"":0,""relation"":""eq""},""max_score"":null,""hits"":[]}}","{""took"":0,""timed_out"":false,""_shards"":{""total"":3,""successful"":3,""skipped"":0,""failed"":0},""hits"":{""total"":{""value"":0,""relation"":""eq""},""max_score"":null,""hits"":[]}}","{""took"":0,""timed_out"":false,""_shards"":{""total"":3,""successful"":3,""skipped"":0,""failed"":0},""hits"":{""total"":{""value"":0,""relation"":""eq""},""max_score"":null,""hits"":[]}}"
25,25,25,12,Grafite Grau Msp7 Isostático Apresentação Bloco Comprimento 180°C Largura 180°C Altura 300L,100,semantico,Grafite de Grau MSP7 Isostático Disponível em Formato de Bloco com Dimensões de 180 x 180 Milímetros e Altura de 300 Milímetros,Grafiti Grau Msp7 Isostático Apresentação Bloco Comprinento 180°C Largura 180°C Altura 300L,Grafite Grau Msp7 Isostático Apresentação Altura 300L Largura 180°C  Bloco Comprimento 180°C,,,,
26,26,26,13,"Lanterna Não Elétrica Quantidade Pilhas 2MG Tamanho Pilha Grande Alumínio Anodizado Tipo Foco Regulável Diâmetro 39,67MM Comprimento 254MM A Prova D'Água E Corrosão",100,lexico,"Lanterna Não Elétrica com Capacidade para 2 Pilhas do Tipo Grande, Fabricada em Alumínio Anodizado, com Foco Regulável e Diâmetro de 39,67 Milímetros, Comprimento de 254 Milímetros, Resistente à Água e à Corrosão","Lanterna Não Elétrica Qantidade Pilhas 2MG Tamano Pilha Grande Alumínio Anosizado Tipo Foco Regulável Diâmetro 39,67MM Comprimento 254MM A Prova D'Água E Corrosão","Lanterna Não Elétrica Diâmetro 39,67MM Comprimento 254MM Quantidade Pilhas 2MG Tamanho Pilha Grande Alumínio Anodizado Tipo Foco Regulável A Prova D'Água E Corrosão","{""took"":0,""timed_out"":false,""_shards"":{""total"":3,""successful"":3,""skipped"":0,""failed"":0},""hits"":{""total"":{""value"":0,""relation"":""eq""},""max_score"":null,""hits"":[]}}","{""took"":0,""timed_out"":false,""_shards"":{""total"":3,""successful"":3,""skipped"":0,""failed"":0},""hits"":{""total"":{""value"":0,""relation"":""eq""},""max_score"":null,""hits"":[]}}","{""took"":0,""timed_out"":false,""_shards"":{""total"":3,""successful"":3,""skipped"":0,""failed"":0},""hits"":{""total"":{""value"":0,""relation"":""eq""},""max_score"":null,""hits"":[]}}","{""took"":0,""timed_out"":false,""_shards"":{""total"":3,""successful"":3,""skipped"":0,""failed"":0},""hits"":{""total"":{""value"":0,""relation"":""eq""},""max_score"":null,""hits"":[]}}"
27,27,27,13,"Lanterna Não Elétrica Quantidade Pilhas 2MG Tamanho Pilha Grande Alumínio Anodizado Tipo Foco Regulável Diâmetro 39,67MM Comprimento 254MM A Prova D'Água E Corrosão",100,semantico,"Lanterna Não Elétrica com Capacidade para 2 Pilhas do Tipo Grande, Fabricada em Alumínio Anodizado, com Foco Regulável e Diâmetro de 39,67 Milímetros, Comprimento de 254 Milímetros, Resistente à Água e à Corrosão","Lanterna Não Elétrica Qantidade Pilhas 2MG Tamano Pilha Grande Alumínio Anosizado Tipo Foco Regulável Diâmetro 39,67MM Comprimento 254MM A Prova D'Água E Corrosão","Lanterna Não Elétrica Diâmetro 39,67MM Comprimento 254MM Quantidade Pilhas 2MG Tamanho Pilha Grande Alumínio Anodizado Tipo Foco Regulável A Prova D'Água E Corrosão",,,,
28,28,28,14,Moto-Esmeril Potência Motor 1/2POL Velocidade 3.400M3/H Tensão Alimentação 110/220V Quantidade Fases Monofásico Duplo Rebolo 6 X 3/4 X 5/8 Pol,100,lexico,Moto-Esmeril com Potência de Motor 1/2 Polegadas Velocidade de 3.400 Metros Cúbicos por Hora Tensão de Alimentação 110/220Volts Monofásico com Duplo Rebolo de 6 x 3/4 x 5/8 Polegadas,Moto-Esmeril Potência Motor 1/2POL Velocidad 3.400M3/H Tensão Alimentação 110/220V Qantidade Fases Monofásico Duplo Rebolo 6 X 3/4 X 5/8 Pol,Moto-Esmeril Tensão Alimentação 110/220V Quantidade Fases Monofásico Duplo Rebolo 6 X 3/4 X 5/8 Pol Potência Motor 1/2POL Velocidade 3.400M3/H,"{""took"":0,""timed_out"":false,""_shards"":{""total"":3,""successful"":3,""skipped"":0,""failed"":0},""hits"":{""total"":{""value"":0,""relation"":""eq""},""max_score"":null,""hits"":[]}}","{""took"":0,""timed_out"":false,""_shards"":{""total"":3,""successful"":3,""skipped"":0,""failed"":0},""hits"":{""total"":{""value"":0,""relation"":""eq""},""max_score"":null,""hits"":[]}}","{""took"":0,""timed_out"":false,""_shards"":{""total"":3,""successful"":3,""skipped"":0,""failed"":0},""hits"":{""total"":{""value"":0,""relation"":""eq""},""max_score"":null,""hits"":[]}}","{""took"":0,""timed_out"":false,""_shards"":{""total"":3,""successful"":3,""skipped"":0,""failed"":0},""hits"":{""total"":{""value"":0,""relation"":""eq""},""max_score"":null,""hits"":[]}}"
29,29,29,14,Moto-Esmeril Potência Motor 1/2POL Velocidade 3.400M3/H Tensão Alimentação 110/220V Quantidade Fases Monofásico Duplo Rebolo 6 X 3/4 X 5/8 Pol,100,semantico,Moto-Esmeril com Potência de Motor 1/2 Polegadas Velocidade de 3.400 Metros Cúbicos por Hora Tensão de Alimentação 110/220Volts Monofásico com Duplo Rebolo de 6 x 3/4 x 5/8 Polegadas,Moto-Esmeril Potência Motor 1/2POL Velocidad 3.400M3/H Tensão Alimentação 110/220V Qantidade Fases Monofásico Duplo Rebolo 6 X 3/4 X 5/8 Pol,Moto-Esmeril Tensão Alimentação 110/220V Quantidade Fases Monofásico Duplo Rebolo 6 X 3/4 X 5/8 Pol Potência Motor 1/2POL Velocidade 3.400M3/H,,,,
30,30,30,15,"Disco Liga Mista Metais Liga Astm 260 Espessura 14,40KB/S Aplicação Munição Naval / Artilharia Diâmetro 165,20MM",100,lexico,"Disco de Liga Mista de Metais, Composição em Liga ASTM 260, Espessura de 14,40 Kilobytes por Segundo, Utilizado em Aplicações de Munição Naval ou em Artilharia, Diâmetro de 165,20 Milímetros","Diso Liga Mixta Metais Liga Astm 260 Espessura 14,40KB/S Aplicação Munição Naval / Artilaria Diâmetro 165,20MM","Disco Liga Mista Metais Espessura 14,40KB/S Liga Astm 260 Aplicação Munição Naval / Artilharia Diâmetro 165,20MM","{""took"":0,""timed_out"":false,""_shards"":{""total"":3,""successful"":3,""skipped"":0,""failed"":0},""hits"":{""total"":{""value"":0,""relation"":""eq""},""max_score"":null,""hits"":[]}}","{""took"":0,""timed_out"":false,""_shards"":{""total"":3,""successful"":3,""skipped"":0,""failed"":0},""hits"":{""total"":{""value"":0,""relation"":""eq""},""max_score"":null,""hits"":[]}}","{""took"":0,""timed_out"":false,""_shards"":{""total"":3,""successful"":3,""skipped"":0,""failed"":0},""hits"":{""total"":{""value"":0,""relation"":""eq""},""max_score"":null,""hits"":[]}}","{""took"":0,""timed_out"":false,""_shards"":{""total"":3,""successful"":3,""skipped"":0,""failed"":0},""hits"":{""total"":{""value"":0,""relation"":""eq""},""max_score"":null,""hits"":[]}}"
31,31,31,15,"Disco Liga Mista Metais Liga Astm 260 Espessura 14,40KB/S Aplicação Munição Naval / Artilharia Diâmetro 165,20MM",100,semantico,"Disco de Liga Mista de Metais, Composição em Liga ASTM 260, Espessura de 14,40 Kilobytes por Segundo, Utilizado em Aplicações de Munição Naval ou em Artilharia, Diâmetro de 165,20 Milímetros","Diso Liga Mixta Metais Liga Astm 260 Espessura 14,40KB/S Aplicação Munição Naval / Artilaria Diâmetro 165,20MM","Disco Liga Mista Metais Espessura 14,40KB/S Liga Astm 260 Aplicação Munição Naval / Artilharia Diâmetro 165,20MM",,,,
32,32,32,16,Filtro Óleo Referência Fabril Psl 301 Aplicação Veículo Micro Onibus Mercedes Bens,100,lexico,Filtro de Óleo com Referência Fabril PSL 301 Utilizado em Veículos Pequenos onibus da Marca Mercedes-Benz,Filto Óleo Referênca Fabril Psl 301 Aplicação Veículu Micr Onibus Mercedes Bens,Referência Fabril Psl 301 Filtro Óleo Aplicação Veículo Micro Onibus Mercedes Bens,"{""took"":0,""timed_out"":false,""_shards"":{""total"":3,""successful"":3,""skipped"":0,""failed"":0},""hits"":{""total"":{""value"":0,""relation"":""eq""},""max_score"":null,""hits"":[]}}","{""took"":0,""timed_out"":false,""_shards"":{""total"":3,""successful"":3,""skipped"":0,""failed"":0},""hits"":{""total"":{""value"":0,""relation"":""eq""},""max_score"":null,""hits"":[]}}","{""took"":0,""timed_out"":false,""_shards"":{""total"":3,""successful"":3,""skipped"":0,""failed"":0},""hits"":{""total"":{""value"":0,""relation"":""eq""},""max_score"":null,""hits"":[]}}","{""took"":0,""timed_out"":false,""_shards"":{""total"":3,""successful"":3,""skipped"":0,""failed"":0},""hits"":{""total"":{""value"":0,""relation"":""eq""},""max_score"":null,""hits"":[]}}"
33,33,33,16,Filtro Óleo Referência Fabril Psl 301 Aplicação Veículo Micro Onibus Mercedes Bens,100,semantico,Filtro de Óleo com Referência Fabril PSL 301 Utilizado em Veículos Pequenos onibus da Marca Mercedes-Benz,Filto Óleo Referênca Fabril Psl 301 Aplicação Veículu Micr Onibus Mercedes Bens,Referência Fabril Psl 301 Filtro Óleo Aplicação Veículo Micro Onibus Mercedes Bens,,,,
34,34,34,17,"Barreira Contenção / Absorvente Polipropileno Tipo Cordão Comprimento 1,20M Cor Verde Capacidade 3UN Largura 6MM Aplicação Isolamento Líquidos Abravisos",100,lexico,"Barreira de Contenção e Absorvente em Polipropileno, com formato de Cordão, Comprimento de 1,20 metros, Coloração Verde, Capacidade para 3 Unidades, Largura de 6 milímetros, Indicada para Isolamento de Líquidos Perigosos","Barreira Contenção / Absorvente Poliprpileno Tipo Cordão Comprimento 1,20M Cor Verde Capacidsde 3UN Largura 6MM Aplicação Isolamanto Líqidos Abravisos","Barreira Contenção / Absorvente Cor Verde Comprimento 1,20M Capacidade 3UN Polipropileno Tipo Cordão Largura 6MM A Prova D'Água E Corrosão Aplicação Isolamento Líquidos Abravisos","{""took"":0,""timed_out"":false,""_shards"":{""total"":3,""successful"":3,""skipped"":0,""failed"":0},""hits"":{""total"":{""value"":0,""relation"":""eq""},""max_score"":null,""hits"":[]}}","{""took"":0,""timed_out"":false,""_shards"":{""total"":3,""successful"":3,""skipped"":0,""failed"":0},""hits"":{""total"":{""value"":0,""relation"":""eq""},""max_score"":null,""hits"":[]}}","{""took"":0,""timed_out"":false,""_shards"":{""total"":3,""successful"":3,""skipped"":0,""failed"":0},""hits"":{""total"":{""value"":0,""relation"":""eq""},""max_score"":null,""hits"":[]}}","{""took"":0,""timed_out"":false,""_shards"":{""total"":3,""successful"":3,""skipped"":0,""failed"":0},""hits"":{""total"":{""value"":0,""relation"":""eq""},""max_score"":null,""hits"":[]}}"
35,35,35,17,"Barreira Contenção / Absorvente Polipropileno Tipo Cordão Comprimento 1,20M Cor Verde Capacidade 3UN Largura 6MM Aplicação Isolamento Líquidos Abravisos",100,semantico,"Barreira de Contenção e Absorvente em Polipropileno, com formato de Cordão, Comprimento de 1,20 metros, Coloração Verde, Capacidade para 3 Unidades, Largura de 6 milímetros, Indicada para Isolamento de Líquidos Perigosos","Barreira Contenção / Absorvente Poliprpileno Tipo Cordão Comprimento 1,20M Cor Verde Capacidsde 3UN Largura 6MM Aplicação Isolamanto Líqidos Abravisos","Barreira Contenção / Absorvente Cor Verde Comprimento 1,20M Capacidade 3UN Polipropileno Tipo Cordão Largura 6MM A Prova D'Água E Corrosão Aplicação Isolamento Líquidos Abravisos",,,,
36,36,36,18,Equipamento / Acessório - Apicultura Aplicação Atividades Apícolas Tipo Laminador De Cera Aço Inóx Aisi 304 Dimensões 0.60 X 0.25 X 0.75CM Voltagem 220V Controle De Temperatura Automático,100,lexico,Equipamento ou Acessório para Apicultura utilizado nas atividades apícolas do tipo Laminador de Cera Fabricado em Aço Inoxidável AISI 304 com Dimensões de 0.60 x 0.25 x 0.75 centímetros Tensão de Alimentação de 220Volts e Controle de Temperatura Automático,Equipamento / Acesório - Apicultura Aplicação Atividades Apícolas Tipo Lamnador De Cera Aço Inóx Aisi 304 Dimensões 0.60 X 0.25 X 0.75CM Voltagem 220V Controle De Temperatura Automático,Equipamento / Acessório - Apicultura Tipo Laminador De Cera Aço Inóx Aisi 304 Dimensões 0.60 X 0.25 X 0.75CM Voltagem 220V Aplicação Atividades Apícolas Controle De Temperatura Automático,"{""took"":0,""timed_out"":false,""_shards"":{""total"":3,""successful"":3,""skipped"":0,""failed"":0},""hits"":{""total"":{""value"":0,""relation"":""eq""},""max_score"":null,""hits"":[]}}","{""took"":0,""timed_out"":false,""_shards"":{""total"":3,""successful"":3,""skipped"":0,""failed"":0},""hits"":{""total"":{""value"":0,""relation"":""eq""},""max_score"":null,""hits"":[]}}","{""took"":0,""timed_out"":false,""_shards"":{""total"":3,""successful"":3,""skipped"":0,""failed"":0},""hits"":{""total"":{""value"":0,""relation"":""eq""},""max_score"":null,""hits"":[]}}","{""took"":0,""timed_out"":false,""_shards"":{""total"":3,""successful"":3,""skipped"":0,""failed"":0},""hits"":{""total"":{""value"":0,""relation"":""eq""},""max_score"":null,""hits"":[]}}"
37,37,37,18,Equipamento / Acessório - Apicultura Aplicação Atividades Apícolas Tipo Laminador De Cera Aço Inóx Aisi 304 Dimensões 0.60 X 0.25 X 0.75CM Voltagem 220V Controle De Temperatura Automático,100,semantico,Equipamento ou Acessório para Apicultura utilizado nas atividades apícolas do tipo Laminador de Cera Fabricado em Aço Inoxidável AISI 304 com Dimensões de 0.60 x 0.25 x 0.75 centímetros Tensão de Alimentação de 220Volts e Controle de Temperatura Automático,Equipamento / Acesório - Apicultura Aplicação Atividades Apícolas Tipo Lamnador De Cera Aço Inóx Aisi 304 Dimensões 0.60 X 0.25 X 0.75CM Voltagem 220V Controle De Temperatura Automático,Equipamento / Acessório - Apicultura Tipo Laminador De Cera Aço Inóx Aisi 304 Dimensões 0.60 X 0.25 X 0.75CM Voltagem 220V Aplicação Atividades Apícolas Controle De Temperatura Automático,,,,
38,38,38,19,Óleo Combustível Viscosidade 960 Mm2/S Tipo Ocb2 Teor Enxofre Máximo De 1% Massa De Enxofre,100,lexico,Óleo Combustível com Gomosidade de 960milímetros quadrados por segundo Classificacão modelo OCB2 com Teor Máximo de Enxofre de 1 por cento,Óleo Cimbustível Viscosidad 960 Mm2/S Tipo Ocb2 Teor Enxofre Máximo De 1% Massa De Enxofre,Óleo Combustível Tipo Ocb2 Viscosidade 960 Mm2/S Teor Enxofre Máximo De 1% Massa De Enxofre,"{""took"":0,""timed_out"":false,""_shards"":{""total"":3,""successful"":3,""skipped"":0,""failed"":0},""hits"":{""total"":{""value"":0,""relation"":""eq""},""max_score"":null,""hits"":[]}}","{""took"":0,""timed_out"":false,""_shards"":{""total"":3,""successful"":3,""skipped"":0,""failed"":0},""hits"":{""total"":{""value"":0,""relation"":""eq""},""max_score"":null,""hits"":[]}}","{""took"":0,""timed_out"":false,""_shards"":{""total"":3,""successful"":3,""skipped"":0,""failed"":0},""hits"":{""total"":{""value"":0,""relation"":""eq""},""max_score"":null,""hits"":[]}}","{""took"":0,""timed_out"":false,""_shards"":{""total"":3,""successful"":3,""skipped"":0,""failed"":0},""hits"":{""total"":{""value"":0,""relation"":""eq""},""max_score"":null,""hits"":[]}}"
39,39,39,19,Óleo Combustível Viscosidade 960 Mm2/S Tipo Ocb2 Teor Enxofre Máximo De 1% Massa De Enxofre,100,semantico,Óleo Combustível com Gomosidade de 960milímetros quadrados por segundo Classificacão modelo OCB2 com Teor Máximo de Enxofre de 1 por cento,Óleo Cimbustível Viscosidad 960 Mm2/S Tipo Ocb2 Teor Enxofre Máximo De 1% Massa De Enxofre,Óleo Combustível Tipo Ocb2 Viscosidade 960 Mm2/S Teor Enxofre Máximo De 1% Massa De Enxofre,,,,
40,40,40,20,Adubo Animal Húmus De Minhoca Apresentação Orgânico Decomposto,100,lexico,Adubo de Origem Animal Minhoca Orgânico Decomposto,Adubu Anismal Húmus De Minhoca Apresenação Orgânico Decomposto,Orgânico Decomposto Apresentação Húmus De Minhoca Adubo Animal,"{""took"":0,""timed_out"":false,""_shards"":{""total"":3,""successful"":3,""skipped"":0,""failed"":0},""hits"":{""total"":{""value"":0,""relation"":""eq""},""max_score"":null,""hits"":[]}}","{""took"":0,""timed_out"":false,""_shards"":{""total"":3,""successful"":3,""skipped"":0,""failed"":0},""hits"":{""total"":{""value"":0,""relation"":""eq""},""max_score"":null,""hits"":[]}}","{""took"":0,""timed_out"":false,""_shards"":{""total"":3,""successful"":3,""skipped"":0,""failed"":0},""hits"":{""total"":{""value"":0,""relation"":""eq""},""max_score"":null,""hits"":[]}}","{""took"":0,""timed_out"":false,""_shards"":{""total"":3,""successful"":3,""skipped"":0,""failed"":0},""hits"":{""total"":{""value"":0,""relation"":""eq""},""max_score"":null,""hits"":[]}}"
41,41,41,20,Adubo Animal Húmus De Minhoca Apresentação Orgânico Decomposto,100,semantico,Adubo de Origem Animal Minhoca Orgânico Decomposto,Adubu Anismal Húmus De Minhoca Apresenação Orgânico Decomposto,Orgânico Decomposto Apresentação Húmus De Minhoca Adubo Animal,,,,
42,42,42,21,Bandeira Sinalização Polipropileno Tipo Experimentos Em Campo Formato Quadrado Cor Vermelha Comprimento 10CM Largura 9MM Com Haste De Fibra De Vidro,100,lexico,Bandeirola de Sinalização em Polipropileno Utilizada para Experimentos em Campo com Formato Quadrado e Coloração avermelhada Dimensões de 10centímetros de Comprimento e 9milímetros de Largura Equipada com Haste de Fibra de Vidro,Bandeira Sinalzção Polipropileno Tipo Experimentos Em Canpo Formato Quadrsdo Cor Vermelha Comprimento 10CM Largura 9MM Com Haste De Fbra De Virdo,Sinalização Bandeira Polipropileno Tipo Formato Quadrado Cor Vermelha Comprimento 10CM Largura 9MM Com Haste De Fibra De Vidro Para Experimentos Em Campo,"{""took"":0,""timed_out"":false,""_shards"":{""total"":3,""successful"":3,""skipped"":0,""failed"":0},""hits"":{""total"":{""value"":0,""relation"":""eq""},""max_score"":null,""hits"":[]}}","{""took"":0,""timed_out"":false,""_shards"":{""total"":3,""successful"":3,""skipped"":0,""failed"":0},""hits"":{""total"":{""value"":0,""relation"":""eq""},""max_score"":null,""hits"":[]}}","{""took"":0,""timed_out"":false,""_shards"":{""total"":3,""successful"":3,""skipped"":0,""failed"":0},""hits"":{""total"":{""value"":0,""relation"":""eq""},""max_score"":null,""hits"":[]}}","{""took"":0,""timed_out"":false,""_shards"":{""total"":3,""successful"":3,""skipped"":0,""failed"":0},""hits"":{""total"":{""value"":0,""relation"":""eq""},""max_score"":null,""hits"":[]}}"
43,43,43,21,Bandeira Sinalização Polipropileno Tipo Experimentos Em Campo Formato Quadrado Cor Vermelha Comprimento 10CM Largura 9MM Com Haste De Fibra De Vidro,100,semantico,Bandeirola de Sinalização em Polipropileno Utilizada para Experimentos em Campo com Formato Quadrado e Coloração avermelhada Dimensões de 10centímetros de Comprimento e 9milímetros de Largura Equipada com Haste de Fibra de Vidro,Bandeira Sinalzção Polipropileno Tipo Experimentos Em Canpo Formato Quadrsdo Cor Vermelha Comprimento 10CM Largura 9MM Com Haste De Fbra De Virdo,Sinalização Bandeira Polipropileno Tipo Formato Quadrado Cor Vermelha Comprimento 10CM Largura 9MM Com Haste De Fibra De Vidro Para Experimentos Em Campo,,,,
44,44,44,22,"Escrivaninha Madeira Mdf Revestimento Recouro Padrão Acabamento Laca Altura 75 Largura 2,20M Profundidade 70MIN",100,lexico,"Mesa apropriada para escrita em Madeira MDF, Envolvido em Recouro, Padrão de Acabamento em Laca, Dimensões de 75 centímetros de Altura, 2,20 metros de Largura e 70 minutos de Profundidade","Escrivaninha Madeira Mdf Revstimento Recouro Padrão Acabamento Laca Altura 75 Largura 2,20M Profundidade 70MIN","Madeira MDF Revestimento Padrão Recouro Acabamento Laca Altura 75 Largura 2,20M Profundidade 70MIN Escrivaninha","{""took"":0,""timed_out"":false,""_shards"":{""total"":3,""successful"":3,""skipped"":0,""failed"":0},""hits"":{""total"":{""value"":0,""relation"":""eq""},""max_score"":null,""hits"":[]}}","{""took"":0,""timed_out"":false,""_shards"":{""total"":3,""successful"":3,""skipped"":0,""failed"":0},""hits"":{""total"":{""value"":0,""relation"":""eq""},""max_score"":null,""hits"":[]}}","{""took"":0,""timed_out"":false,""_shards"":{""total"":3,""successful"":3,""skipped"":0,""failed"":0},""hits"":{""total"":{""value"":0,""relation"":""eq""},""max_score"":null,""hits"":[]}}","{""took"":0,""timed_out"":false,""_shards"":{""total"":3,""successful"":3,""skipped"":0,""failed"":0},""hits"":{""total"":{""value"":0,""relation"":""eq""},""max_score"":null,""hits"":[]}}"
45,45,45,22,"Escrivaninha Madeira Mdf Revestimento Recouro Padrão Acabamento Laca Altura 75 Largura 2,20M Profundidade 70MIN",100,semantico,"Mesa apropriada para escrita, Envolvido em Recouro, Padrão de Acabamento em Laca, Dimensões de 75 centímetros de Altura, 2,20 metros de Largura e 70 minutos de Profundidade","Escrivaninha Madeira Mdf Revstimento Recouro Padrão Acabamento Laca Altura 75 Largura 2,20M Profundidade 70MIN","Madeira MDF Revestimento Padrão Recouro Acabamento Laca Altura 75 Largura 2,20M Profundidade 70MIN Escrivaninha",,,,
46,46,46,23,"Terminal Bateria Tipo Positivo Aplicação Vbco Ap M109 A3/A5 Referência 5940-00-549-6581, P/N Ms75004-1,Manual Tm9-2350-31 Metal",100,lexico,"Terminal de Bateria com Características Positivas, Utilizado em Aplicações VBCO AP-M109 A3 e A5 com Referência, feito em Metal","Terminal Bateria Tipo Positvo Aplicação Vbco Ap M109 A3/A5 Refrência 5940-00-549-6581, P/N Ms75004-1,Manual Tm9-2350-31 Metal","Tipo Positivo Terminal Bateria Aplicação VBCO AP M109 A3/A5 Referência 5940-00-549-6581, P/N MS75004-1,Manual TM9-2350-31 Metal","{""took"":0,""timed_out"":false,""_shards"":{""total"":3,""successful"":3,""skipped"":0,""failed"":0},""hits"":{""total"":{""value"":0,""relation"":""eq""},""max_score"":null,""hits"":[]}}","{""took"":0,""timed_out"":false,""_shards"":{""total"":3,""successful"":3,""skipped"":0,""failed"":0},""hits"":{""total"":{""value"":0,""relation"":""eq""},""max_score"":null,""hits"":[]}}","{""took"":0,""timed_out"":false,""_shards"":{""total"":3,""successful"":3,""skipped"":0,""failed"":0},""hits"":{""total"":{""value"":0,""relation"":""eq""},""max_score"":null,""hits"":[]}}","{""took"":0,""timed_out"":false,""_shards"":{""total"":3,""successful"":3,""skipped"":0,""failed"":0},""hits"":{""total"":{""value"":0,""relation"":""eq""},""max_score"":null,""hits"":[]}}"
47,47,47,23,"Terminal Bateria Tipo Positivo Aplicação Vbco Ap M109 A3/A5 Referência 5940-00-549-6581, P/N Ms75004-1,Manual Tm9-2350-31 Metal",100,semantico,"Terminal de Bateria com Características Positivas, Utilizado em Aplicações VBCO AP-M109 A3 e A5 com Referência, feito em Metal","Terminal Bateria Tipo Positvo Aplicação Vbco Ap M109 A3/A5 Refrência 5940-00-549-6581, P/N Ms75004-1,Manual Tm9-2350-31 Metal","Tipo Positivo Terminal Bateria Aplicação VBCO AP M109 A3/A5 Referência 5940-00-549-6581, P/N MS75004-1,Manual TM9-2350-31 Metal",,,,
48,48,48,24,Acessório/Componente Elétrico Eletrônico Tipo Suporte Conico Duplo Plástico Dielétrico De Alta Resistência Aplicação Ancoragem De Cabos Ópticos E Cabo Flat Drop Tipo Fixação Braçadeira Bap Dimensões Da Roldana:  40 X 20 X 10 Mm,100,lexico,"Acessório ou Componente Elétrico Eletrônico do tipo Suporte em Plástico Dielétrico de Alta Resistência, utilizado para Ancoragem de Cabos Ópticos e Cabo Flat Drop, do tipo de Fixação por Braçadeira BAP, com Dimensões da Roldana: 40x20x10milímetros",Acesório/Componente Elétrico Eletrônico Tipo Suprte Conico Duplo Plástico Dielétrico De Alta Rsistência Aplicação Ancoragem De Cabos Ópticos E Cabo Flat Drop Tipo Fixação Braçadeira Bap Dimensões Da Roldana:  40 X 20 X 10 Mm,Acessório/Componente Elétrico  Duplo Plástico Dielétrico De Alta Resistência Eletrônico Tipo Suporte Conico Aplicação Ancoragem De Cabo Flat Drop e Cabos Ópticos Tipo Fixação Braçadeira Bap Dimensões Da Roldana:  40 X 20 X 10 Mm,"{""took"":0,""timed_out"":false,""_shards"":{""total"":3,""successful"":3,""skipped"":0,""failed"":0},""hits"":{""total"":{""value"":0,""relation"":""eq""},""max_score"":null,""hits"":[]}}","{""took"":0,""timed_out"":false,""_shards"":{""total"":3,""successful"":3,""skipped"":0,""failed"":0},""hits"":{""total"":{""value"":0,""relation"":""eq""},""max_score"":null,""hits"":[]}}","{""took"":0,""timed_out"":false,""_shards"":{""total"":3,""successful"":3,""skipped"":0,""failed"":0},""hits"":{""total"":{""value"":0,""relation"":""eq""},""max_score"":null,""hits"":[]}}","{""took"":0,""timed_out"":false,""_shards"":{""total"":3,""successful"":3,""skipped"":0,""failed"":0},""hits"":{""total"":{""value"":0,""relation"":""eq""},""max_score"":null,""hits"":[]}}"
49,49,49,24,Acessório/Componente Elétrico Eletrônico Tipo Suporte Conico Duplo Plástico Dielétrico De Alta Resistência Aplicação Ancoragem De Cabos Ópticos E Cabo Flat Drop Tipo Fixação Braçadeira Bap Dimensões Da Roldana:  40 X 20 X 10 Mm,100,semantico,"Acessório ou Componente Elétrico Eletrônico do tipo Suporte em Plástico Dielétrico de Alta Resistência, utilizado para Ancoragem de Cabos Ópticos e Cabo Flat Drop, do tipo de Fixação por Braçadeira BAP, com Dimensões da Roldana: 40x20x10milímetros",Acesório/Componente Elétrico Eletrônico Tipo Suprte Conico Duplo Plástico Dielétrico De Alta Rsistência Aplicação Ancoragem De Cabos Ópticos E Cabo Flat Drop Tipo Fixação Braçadeira Bap Dimensões Da Roldana:  40 X 20 X 10 Mm,Acessório/Componente Elétrico  Duplo Plástico Dielétrico De Alta Resistência Eletrônico Tipo Suporte Conico Aplicação Ancoragem De Cabo Flat Drop e Cabos Ópticos Tipo Fixação Braçadeira Bap Dimensões Da Roldana:  40 X 20 X 10 Mm,,,,
50,50,50,25,Detector Metais Formato Raquete Tensão Alimentação 9MM Plástico Abs,100,lexico,"Detector de Metais em formato de Raquete, com Tensão de Alimentação de 9 milímetros, fabricado em Plástico ABS",Detectr Metais Formato Raquete Tensão Alimenação 9MM Plástico Abs,Detector Metais Formato Raquete Plástico Abs Tensão Alimentação 9MM,"{""took"":0,""timed_out"":false,""_shards"":{""total"":3,""successful"":3,""skipped"":0,""failed"":0},""hits"":{""total"":{""value"":0,""relation"":""eq""},""max_score"":null,""hits"":[]}}","{""took"":0,""timed_out"":false,""_shards"":{""total"":3,""successful"":3,""skipped"":0,""failed"":0},""hits"":{""total"":{""value"":0,""relation"":""eq""},""max_score"":null,""hits"":[]}}","{""took"":0,""timed_out"":false,""_shards"":{""total"":3,""successful"":3,""skipped"":0,""failed"":0},""hits"":{""total"":{""value"":0,""relation"":""eq""},""max_score"":null,""hits"":[]}}","{""took"":0,""timed_out"":false,""_shards"":{""total"":3,""successful"":3,""skipped"":0,""failed"":0},""hits"":{""total"":{""value"":0,""relation"":""eq""},""max_score"":null,""hits"":[]}}"
51,51,51,25,Detector Metais Formato Raquete Tensão Alimentação 9MM Plástico Abs,100,semantico,"Detector de Metais em formato de Raquete, com Tensão de Alimentação de 9 milímetros, fabricado em Plástico ABS",Detectr Metais Formato Raquete Tensão Alimenação 9MM Plástico Abs,Detector Metais Formato Raquete Plástico Abs Tensão Alimentação 9MM,,,,
52,52,52,26,"Tubo Porta-Documento Papelão Kraft Diâmetro Interno 4,50CM Comprimento 34POL Aplicação Acondicionar Plantas, Documentos, Mapas, Cartazes Tampa De Encaixe Por Pressão, Frisos Dourados",100,lexico,"Tubo para Porta-Documentos feito em Papelão Kraft, Dimensões de 4,50 centímetros de diametro e Comprimento de 34polegadas, aplicado em acondicionar Plantas, Documentos, Mapas e Cartazes, com Tampa com Encaixe por Pressão e Frisos Dourados","Tubo Porta-Docmento Papelão Kraft Diâmetro Interno 4,50CM Comprimnto 34POL Aplicação Acondicionar Plantas, Documentos, Mapas, Cartazes Tampa De Encaixe Por Pressão, Frisos Dourados","Tubo Porta-Documento Diâmetro Interno 4,50CM Comprimento 34POL Papelão Kraft Aplicação Acondicionar, Documentos, Mapas, Plantas, Cartazes Frisos Dourados, Tampa De Encaixe Por Pressão","{""took"":0,""timed_out"":false,""_shards"":{""total"":3,""successful"":3,""skipped"":0,""failed"":0},""hits"":{""total"":{""value"":0,""relation"":""eq""},""max_score"":null,""hits"":[]}}","{""took"":0,""timed_out"":false,""_shards"":{""total"":3,""successful"":3,""skipped"":0,""failed"":0},""hits"":{""total"":{""value"":0,""relation"":""eq""},""max_score"":null,""hits"":[]}}","{""took"":0,""timed_out"":false,""_shards"":{""total"":3,""successful"":3,""skipped"":0,""failed"":0},""hits"":{""total"":{""value"":0,""relation"":""eq""},""max_score"":null,""hits"":[]}}","{""took"":0,""timed_out"":false,""_shards"":{""total"":3,""successful"":3,""skipped"":0,""failed"":0},""hits"":{""total"":{""value"":0,""relation"":""eq""},""max_score"":null,""hits"":[]}}"
53,53,53,26,"Tubo Porta-Documento Papelão Kraft Diâmetro Interno 4,50CM Comprimento 34POL Aplicação Acondicionar Plantas, Documentos, Mapas, Cartazes Tampa De Encaixe Por Pressão, Frisos Dourados",100,semantico,"Tubo para Porta-Documentos feito em Papelão Kraft, Dimensões de 4,50 centímetros de diametro e Comprimento de 34polegadas, aplicado em acondicionar Plantas, Documentos, Mapas e Cartazes, com Tampa com Encaixe por Pressão e Frisos Dourados","Tubo Porta-Docmento Papelão Kraft Diâmetro Interno 4,50CM Comprimnto 34POL Aplicação Acondicionar Plantas, Documentos, Mapas, Cartazes Tampa De Encaixe Por Pressão, Frisos Dourados","Tubo Porta-Documento Diâmetro Interno 4,50CM Comprimento 34POL Papelão Kraft Aplicação Acondicionar, Documentos, Mapas, Plantas, Cartazes Frisos Dourados, Tampa De Encaixe Por Pressão",,,,
54,54,54,27,"Despolpadeira Frutas Aço Inoxidável Escova Alumínio Comprimento 68,50MM Largura 81,50MM Altura 22AWG Capacidade Produção 60MM Voltagem 220V",100,lexico,"Despolpadeira de Frutas em Aço não oxidável, com Escova em Alumínio, Comprimento 68,50 milímetros, Largura 81,50 milímetros e Altura 22AWG, com Capacidade de Produção de 60milímetros, Alimentação de 220Volts","Despoupadera Frutas Aço Inoxidável Escova Alumínio Conprimento 68,50MM Largura 81,50MM Altura 22AWG Capacidade Produção 60MM Voltagem 220V","Despolpadeira Frutas Escova Alumínio Largura 81,50MM Comprimento 68,50MM  Capacidade Produção 60MM Voltagem 220V Altura 22AWG Aço Inoxidável","{""took"":0,""timed_out"":false,""_shards"":{""total"":3,""successful"":3,""skipped"":0,""failed"":0},""hits"":{""total"":{""value"":0,""relation"":""eq""},""max_score"":null,""hits"":[]}}","{""took"":0,""timed_out"":false,""_shards"":{""total"":3,""successful"":3,""skipped"":0,""failed"":0},""hits"":{""total"":{""value"":0,""relation"":""eq""},""max_score"":null,""hits"":[]}}","{""took"":0,""timed_out"":false,""_shards"":{""total"":3,""successful"":3,""skipped"":0,""failed"":0},""hits"":{""total"":{""value"":0,""relation"":""eq""},""max_score"":null,""hits"":[]}}","{""took"":0,""timed_out"":false,""_shards"":{""total"":3,""successful"":3,""skipped"":0,""failed"":0},""hits"":{""total"":{""value"":0,""relation"":""eq""},""max_score"":null,""hits"":[]}}"
55,55,55,27,"Despolpadeira Frutas Aço Inoxidável Escova Alumínio Comprimento 68,50MM Largura 81,50MM Altura 22AWG Capacidade Produção 60MM Voltagem 220V",100,semantico,"Despolpadeira de Frutas em Aço não oxidável, com Escova em Alumínio, Comprimento 68,50 milímetros, Largura 81,50 milímetros e Altura 22AWG, com Capacidade de Produção de 60milímetros, Alimentação de 220Volts","Despoupadera Frutas Aço Inoxidável Escova Alumínio Conprimento 68,50MM Largura 81,50MM Altura 22AWG Capacidade Produção 60MM Voltagem 220V","Despolpadeira Frutas Escova Alumínio Largura 81,50MM Comprimento 68,50MM  Capacidade Produção 60MM Voltagem 220V Altura 22AWG Aço Inoxidável",,,,
56,56,56,28,Lâmina Limpeza Máquina Copiadora Plástico Aplicação Impressora Igen3 Xerox Referência 035k08600,100,lexico,"Lâmina para Limpeza de Máquina Copiadora em Plástico, Utilizada em Impressoras Igen3 da Marca Xerox, com Referência 035K 08600.",Lâmima Limpesa Máquina Copiadora Plástivo Aplicação Impressora Igen3 Xerox Referência 035k08600,Máquina Copiadora Lâmina Limpeza Plástico Aplicação Referência 035k08600 Impressora Igen3 Xerox,"{""took"":0,""timed_out"":false,""_shards"":{""total"":3,""successful"":3,""skipped"":0,""failed"":0},""hits"":{""total"":{""value"":0,""relation"":""eq""},""max_score"":null,""hits"":[]}}","{""took"":0,""timed_out"":false,""_shards"":{""total"":3,""successful"":3,""skipped"":0,""failed"":0},""hits"":{""total"":{""value"":0,""relation"":""eq""},""max_score"":null,""hits"":[]}}","{""took"":0,""timed_out"":false,""_shards"":{""total"":3,""successful"":3,""skipped"":0,""failed"":0},""hits"":{""total"":{""value"":0,""relation"":""eq""},""max_score"":null,""hits"":[]}}","{""took"":0,""timed_out"":false,""_shards"":{""total"":3,""successful"":3,""skipped"":0,""failed"":0},""hits"":{""total"":{""value"":0,""relation"":""eq""},""max_score"":null,""hits"":[]}}"
57,57,57,28,Lâmina Limpeza Máquina Copiadora Plástico Aplicação Impressora Igen3 Xerox Referência 035k08600,100,semantico,"Lâmina para Limpeza de Máquina Copiadora em Plástico, Utilizada em Impressoras Igen3 da Marca Xerox, com Referência 035K 08600.",Lâmima Limpesa Máquina Copiadora Plástivo Aplicação Impressora Igen3 Xerox Referência 035k08600,Máquina Copiadora Lâmina Limpeza Plástico Aplicação Referência 035k08600 Impressora Igen3 Xerox,,,,
58,58,58,29,Mangueira Radiador Veículo Automotivo Tipo Superior Referência 2to/121101 Aplicação Veículo Volkswagen Worker 15.210 4x4 Diesel,100,lexico,"Mangueira do Radiador para automóveis, modelo Superior, com Referência 2TO-121101, utilização em automóveis Volkswagen, Modelo Worker 15.210 quatro por quatro a Diesel",Manguera Radiador Veículo Automotivo Tipo Superior Refrência 2to/121101 Aplicação Veícaulo Volkswagen Worker 15.210 4x4 Diesel,Mangueira Radiador  Tipo Superior Referência 2to/121101 Veículo Automotivo Aplicação Worker 15.210 4x4 Diesel Veículo Volkswagen,"{""took"":0,""timed_out"":false,""_shards"":{""total"":3,""successful"":3,""skipped"":0,""failed"":0},""hits"":{""total"":{""value"":0,""relation"":""eq""},""max_score"":null,""hits"":[]}}","{""took"":0,""timed_out"":false,""_shards"":{""total"":3,""successful"":3,""skipped"":0,""failed"":0},""hits"":{""total"":{""value"":0,""relation"":""eq""},""max_score"":null,""hits"":[]}}","{""took"":0,""timed_out"":false,""_shards"":{""total"":3,""successful"":3,""skipped"":0,""failed"":0},""hits"":{""total"":{""value"":0,""relation"":""eq""},""max_score"":null,""hits"":[]}}","{""took"":0,""timed_out"":false,""_shards"":{""total"":3,""successful"":3,""skipped"":0,""failed"":0},""hits"":{""total"":{""value"":0,""relation"":""eq""},""max_score"":null,""hits"":[]}}"
59,59,59,29,Mangueira Radiador Veículo Automotivo Tipo Superior Referência 2to/121101 Aplicação Veículo Volkswagen Worker 15.210 4x4 Diesel,100,semantico,"Mangueira do Radiador para automóveis, modelo Superior, com Referência 2TO-121101, utilização em automóveis Volkswagen, Modelo Worker 15.210 quatro por quatro a Diesel",Manguera Radiador Veículo Automotivo Tipo Superior Refrência 2to/121101 Aplicação Veícaulo Volkswagen Worker 15.210 4x4 Diesel,Mangueira Radiador  Tipo Superior Referência 2to/121101 Veículo Automotivo Aplicação Worker 15.210 4x4 Diesel Veículo Volkswagen,,,,
60,60,60,30,Chumbo Aspecto Físico Sólido Apresentação Barra Aplicação Ontrapeso Para Balanceamento De Rodas 5 Gramas; Encaixe: Garra,100,lexico,"Chumbo com Aparência Sólida, Disponível em Barra, Utilizado como Contrapeso para Balanceamento de Rodas com 5G; engate de Garra",Xumbo Aspecto Físico Sólido Apresentação Barra Aplicação Ontrapeso Para Balanceamento De Rodas 5 Gramas; Encaixe: Garra,Barra Aplicação Ontrapeso Para Balanceamento De Rodas Apresentação Chumbo Aspecto Físico Sólido Encaixe: Garra 5 Gramas,"{""took"":0,""timed_out"":false,""_shards"":{""total"":3,""successful"":3,""skipped"":0,""failed"":0},""hits"":{""total"":{""value"":0,""relation"":""eq""},""max_score"":null,""hits"":[]}}","{""took"":0,""timed_out"":false,""_shards"":{""total"":3,""successful"":3,""skipped"":0,""failed"":0},""hits"":{""total"":{""value"":0,""relation"":""eq""},""max_score"":null,""hits"":[]}}","{""took"":0,""timed_out"":false,""_shards"":{""total"":3,""successful"":3,""skipped"":0,""failed"":0},""hits"":{""total"":{""value"":0,""relation"":""eq""},""max_score"":null,""hits"":[]}}","{""took"":0,""timed_out"":false,""_shards"":{""total"":3,""successful"":3,""skipped"":0,""failed"":0},""hits"":{""total"":{""value"":0,""relation"":""eq""},""max_score"":null,""hits"":[]}}"
61,61,61,30,Chumbo Aspecto Físico Sólido Apresentação Barra Aplicação Ontrapeso Para Balanceamento De Rodas 5 Gramas; Encaixe: Garra,100,semantico,"Chumbo com Aparência Sólida, Disponível em Barra, Utilizado como Contrapeso para Balanceamento de Rodas com 5G; engate de Garra",Xumbo Aspecto Físico Sólido Apresentação Barra Aplicação Ontrapeso Para Balanceamento De Rodas 5 Gramas; Encaixe: Garra,Barra Aplicação Ontrapeso Para Balanceamento De Rodas Apresentação Chumbo Aspecto Físico Sólido Encaixe: Garra 5 Gramas,,,,
62,62,62,31,Bisturi Descartável Cabo Cabo De Plástico Lâmina Lâmina Aço Inoxidável Tamanho Lâmina 20AWG Esterilidade Estéril Sistema De Segurança Segundo Nr/32,100,lexico,"Bisturi de Uso Único com Cabo de Plástico e Lâmina em Aço Inoxidável, Tamanho da Lâmina 20 AWG, Esterilizado, com Sistema de Segurança Conforme Norma NR/32",Bisturi Descrtável Cabo Cabo De Plástico Lâmina Lâmina Aço Inxidável Tamanho Lâmina 20AWG Esterilidade Estéril Sistema De Segurança Segundo Nr/32,Bisturi Descartável Cabo Lâmina Cabo De Plástico  Lâmina Aço Inoxidável Esterilidade Estéril Tamanho Lâmina 20AWG  Segundo Nr/32 Sistema De Segurança,"{""took"":0,""timed_out"":false,""_shards"":{""total"":3,""successful"":3,""skipped"":0,""failed"":0},""hits"":{""total"":{""value"":0,""relation"":""eq""},""max_score"":null,""hits"":[]}}","{""took"":0,""timed_out"":false,""_shards"":{""total"":3,""successful"":3,""skipped"":0,""failed"":0},""hits"":{""total"":{""value"":0,""relation"":""eq""},""max_score"":null,""hits"":[]}}","{""took"":0,""timed_out"":false,""_shards"":{""total"":3,""successful"":3,""skipped"":0,""failed"":0},""hits"":{""total"":{""value"":0,""relation"":""eq""},""max_score"":null,""hits"":[]}}","{""took"":0,""timed_out"":false,""_shards"":{""total"":3,""successful"":3,""skipped"":0,""failed"":0},""hits"":{""total"":{""value"":0,""relation"":""eq""},""max_score"":null,""hits"":[]}}"
63,63,63,31,Bisturi Descartável Cabo Cabo De Plástico Lâmina Lâmina Aço Inoxidável Tamanho Lâmina 20AWG Esterilidade Estéril Sistema De Segurança Segundo Nr/32,100,semantico,"Bisturi de Uso Único com Cabo de Plástico e Lâmina em Aço Inoxidável, Tamanho da Lâmina 20 AWG, Esterilizado, com Sistema de Segurança Conforme Norma NR/32",Bisturi Descrtável Cabo Cabo De Plástico Lâmina Lâmina Aço Inxidável Tamanho Lâmina 20AWG Esterilidade Estéril Sistema De Segurança Segundo Nr/32,Bisturi Descartável Cabo Lâmina Cabo De Plástico  Lâmina Aço Inoxidável Esterilidade Estéril Tamanho Lâmina 20AWG  Segundo Nr/32 Sistema De Segurança,,,,
64,64,64,32,Polvaroma Apresentação Pó Amrelado Sabor Laranja Aplicação Fabricação De Medicamento De Uso Humano,100,lexico,"Polvaroma em forma de Pó amarelo, com Sabor de Laranja, Utilizado na Fabricação de remédios para o uso Humano",Polvaroma Apresentação Pó Amrelado Sabor Laranja Aplicação Fabricação De Medicamento De Uso Humano,Apresentação Aplicação Fabricação  De Medicamento De Uso Humano Pó Amrelado Sabor Laranja Polvaroma,"{""took"":0,""timed_out"":false,""_shards"":{""total"":3,""successful"":3,""skipped"":0,""failed"":0},""hits"":{""total"":{""value"":0,""relation"":""eq""},""max_score"":null,""hits"":[]}}","{""took"":0,""timed_out"":false,""_shards"":{""total"":3,""successful"":3,""skipped"":0,""failed"":0},""hits"":{""total"":{""value"":0,""relation"":""eq""},""max_score"":null,""hits"":[]}}","{""took"":0,""timed_out"":false,""_shards"":{""total"":3,""successful"":3,""skipped"":0,""failed"":0},""hits"":{""total"":{""value"":0,""relation"":""eq""},""max_score"":null,""hits"":[]}}","{""took"":0,""timed_out"":false,""_shards"":{""total"":3,""successful"":3,""skipped"":0,""failed"":0},""hits"":{""total"":{""value"":0,""relation"":""eq""},""max_score"":null,""hits"":[]}}"
65,65,65,32,Polvaroma Apresentação Pó Amrelado Sabor Laranja Aplicação Fabricação De Medicamento De Uso Humano,100,semantico,"Polvaroma em forma de Pó amarelo, com Sabor de Laranja, Utilizado na Fabricação de remédios para o uso Humano",Polvaroma Apresentação Pó Amrelado Sabor Laranja Aplicação Fabricação De Medicamento De Uso Humano,Apresentação Aplicação Fabricação  De Medicamento De Uso Humano Pó Amrelado Sabor Laranja Polvaroma,,,,
66,66,66,33,Tenda Inflável Rip Stop-250 Tratamento Superficial Impermeabilizado Tensão BivoltV Acessórios Tela De Nylon Aplicação Eventos Diversos E Sinalização Conforme Modelo Comprimento 1UN Largura 6MM Altura 4MG,100,lexico,"Tenda Inflável Modelo Rip Stop-250, com Superfície Tratada para Impermeabilização, Tensão de Alimentação Bivolt, Equipada com Acessórios em Tela de Nylon, Utilizada em Diversos Eventos e para Sinalização, Dimensões de Comprimento 1 Unidade, Largura 6Milímetros e Altura 4Metros",Tenda Inflevel Rip Stop-250 Tratamento Superficial Himperneabilizado Tensão BivoltV Acesórios Tela De Nylon Aplicação Eventos Diversos E Sinalização Conforme Modelo Comprimento 1UN Largura 6MM Altura 4MG,Rip Stop-250 Tratamento Superficial Impermeabilizado Tenda Inflável Tensão BivoltV Acessórios Tela De Nylon Aplicação Sinalização E Eventos Diversos Largura 6MM Altura 4MG Conforme Modelo Comprimento 1UN,"{""took"":0,""timed_out"":false,""_shards"":{""total"":3,""successful"":3,""skipped"":0,""failed"":0},""hits"":{""total"":{""value"":0,""relation"":""eq""},""max_score"":null,""hits"":[]}}","{""took"":0,""timed_out"":false,""_shards"":{""total"":3,""successful"":3,""skipped"":0,""failed"":0},""hits"":{""total"":{""value"":0,""relation"":""eq""},""max_score"":null,""hits"":[]}}","{""took"":0,""timed_out"":false,""_shards"":{""total"":3,""successful"":3,""skipped"":0,""failed"":0},""hits"":{""total"":{""value"":0,""relation"":""eq""},""max_score"":null,""hits"":[]}}","{""took"":0,""timed_out"":false,""_shards"":{""total"":3,""successful"":3,""skipped"":0,""failed"":0},""hits"":{""total"":{""value"":0,""relation"":""eq""},""max_score"":null,""hits"":[]}}"
67,67,67,33,Tenda Inflável Rip Stop-250 Tratamento Superficial Impermeabilizado Tensão BivoltV Acessórios Tela De Nylon Aplicação Eventos Diversos E Sinalização Conforme Modelo Comprimento 1UN Largura 6MM Altura 4MG,100,semantico,"Tenda Inflável Modelo Rip Stop-250, com Superfície Tratada para Impermeabilização, Tensão de Alimentação Bivolt, Equipada com Acessórios em Tela de Nylon, Utilizada em Diversos Eventos e para Sinalização, Dimensões de Comprimento 1 Unidade, Largura 6Milímetros e Altura 4Metros",Tenda Inflevel Rip Stop-250 Tratamento Superficial Himperneabilizado Tensão BivoltV Acesórios Tela De Nylon Aplicação Eventos Diversos E Sinalização Conforme Modelo Comprimento 1UN Largura 6MM Altura 4MG,Rip Stop-250 Tratamento Superficial Impermeabilizado Tenda Inflável Tensão BivoltV Acessórios Tela De Nylon Aplicação Sinalização E Eventos Diversos Largura 6MM Altura 4MG Conforme Modelo Comprimento 1UN,,,,
68,68,68,34,"Baú Ferramentas Chapa Aço Acabamento Superficial Pintura Eletrostática Cor Azul Comprimento 500UI Largura 160MM Altura 185CM Peso 2,80M/MIN Com Bandeja E Lingueta Para Cadeado",100,lexico,"Baú para Ferramentas feito em Chapa de Aço, com Acabamento Superficial em Pintura Eletrostática na Cor Azul, Dimensões de Comprimento 500 Unidades Internacionais, Largura 160 Milímetros e Altura 185 Centímetros, Peso de 2,80Metros por Minuto, Inclui Bandeja e Lingueta para Cadeado","Baú Ferrmentas Chapa Aço Acabamento Suprficial Pintura Eletrostática Cor Azul Comprimento 500UI Largura 160MM Altura 185CM Peso 2,80M/MIN Com Bandeja E Lingueta Para Cadeado","Chapa Aço Acabamento Superficial Pintura Eletrostática Baú Ferramentas Altura 185CM Largura 160MM  Cor Azul Comprimento 500UI Peso 2,80M/MIN Lingueta Para Cadeado E Com Bandeja","{""took"":0,""timed_out"":false,""_shards"":{""total"":3,""successful"":3,""skipped"":0,""failed"":0},""hits"":{""total"":{""value"":0,""relation"":""eq""},""max_score"":null,""hits"":[]}}","{""took"":0,""timed_out"":false,""_shards"":{""total"":3,""successful"":3,""skipped"":0,""failed"":0},""hits"":{""total"":{""value"":0,""relation"":""eq""},""max_score"":null,""hits"":[]}}","{""took"":0,""timed_out"":false,""_shards"":{""total"":3,""successful"":3,""skipped"":0,""failed"":0},""hits"":{""total"":{""value"":0,""relation"":""eq""},""max_score"":null,""hits"":[]}}","{""took"":0,""timed_out"":false,""_shards"":{""total"":3,""successful"":3,""skipped"":0,""failed"":0},""hits"":{""total"":{""value"":0,""relation"":""eq""},""max_score"":null,""hits"":[]}}"
69,69,69,34,"Baú Ferramentas Chapa Aço Acabamento Superficial Pintura Eletrostática Cor Azul Comprimento 500UI Largura 160MM Altura 185CM Peso 2,80M/MIN Com Bandeja E Lingueta Para Cadeado",100,semantico,"Baú para Ferramentas feito em Chapa de Aço, com Acabamento Superficial em Pintura Eletrostática na Cor Azul, Dimensões de Comprimento 500 Unidades Internacionais, Largura 160 Milímetros e Altura 185 Centímetros, Peso de 2,80Metros por Minuto, Inclui Bandeja e Lingueta para Cadeado","Baú Ferrmentas Chapa Aço Acabamento Suprficial Pintura Eletrostática Cor Azul Comprimento 500UI Largura 160MM Altura 185CM Peso 2,80M/MIN Com Bandeja E Lingueta Para Cadeado","Chapa Aço Acabamento Superficial Pintura Eletrostática Baú Ferramentas Altura 185CM Largura 160MM  Cor Azul Comprimento 500UI Peso 2,80M/MIN Lingueta Para Cadeado E Com Bandeja",,,,
70,70,70,35,"Calibrador Radiação Voltagem 100/240V Frequência 50/60HZ Aplicação Medição De Radioatividade De Radiofármacos Resolução De 0,1 Microcurie",100,lexico,"Calibrador de Radiação com Alimentação de 100/240 Volts e Frequência de 50/60 Hertz, Utilizado para Medição de Radioatividade de Radiofármacos, com Resolução de 0,1 Microcurie","Calibrador Radiação Voltagem 100/240V Freqêncio 50/60HZ Aplicação Mdição De Radioatividade De Radiofármacos Carcterísticas Adicionais Resolução De 0,1 Microcurie","Calibrador Radiação Frequência 50/60HZ Voltagem 100/240V Medição De Radioatividade De Radiofármacos Aplicação Resolução De 0,1 Microcurie Adicionais","{""took"":0,""timed_out"":false,""_shards"":{""total"":3,""successful"":3,""skipped"":0,""failed"":0},""hits"":{""total"":{""value"":0,""relation"":""eq""},""max_score"":null,""hits"":[]}}","{""took"":0,""timed_out"":false,""_shards"":{""total"":3,""successful"":3,""skipped"":0,""failed"":0},""hits"":{""total"":{""value"":0,""relation"":""eq""},""max_score"":null,""hits"":[]}}","{""took"":0,""timed_out"":false,""_shards"":{""total"":3,""successful"":3,""skipped"":0,""failed"":0},""hits"":{""total"":{""value"":0,""relation"":""eq""},""max_score"":null,""hits"":[]}}","{""took"":0,""timed_out"":false,""_shards"":{""total"":3,""successful"":3,""skipped"":0,""failed"":0},""hits"":{""total"":{""value"":0,""relation"":""eq""},""max_score"":null,""hits"":[]}}"
71,71,71,35,"Calibrador Radiação Voltagem 100/240V Frequência 50/60HZ Aplicação Medição De Radioatividade De Radiofármacos Resolução De 0,1 Microcurie",100,semantico,"Calibrador de Radiação com Alimentação de 100/240 Volts e Frequência de 50/60 Hertz, Utilizado para Medição de Radioatividade de Radiofármacos, com Resolução de 0,1 Microcurie","Calibrador Radiação Voltagem 100/240V Freqêncio 50/60HZ Aplicação Mdição De Radioatividade De Radiofármacos Carcterísticas Adicionais Resolução De 0,1 Microcurie","Calibrador Radiação Frequência 50/60HZ Voltagem 100/240V Medição De Radioatividade De Radiofármacos Aplicação Resolução De 0,1 Microcurie Adicionais",,,,
72,72,72,36,Forro Gesso Sulfato De Cálcio Apresentação Gesso Acartonado Aplicação Teto Ambiente Comercial Acabamento Superficial Natural Comprimento 1.243MM Largura 618MM Espessura 8MB,100,lexico,"Forro de Gesso fabricado com Sulfato de Cálcio em Placas de Gesso Acartonado, Utilizado para o Teto de Ambientes Comerciais, com Acabamento Superficial Natural, Dimensões de Comprimento 1.243Milímetros, Largura 618Milímetros e Espessura de 8Milímetros",Forro Geso Sulfato De Cálcio Apresentação Gesso Acartunado Aplicação Teto Ambiente Comercial Acabamento Superficial Natural Comprimento 1.243MM Largura 618MM Espessura 8MB,Forro Gesso Apresentação Gesso Acartonado Sulfato De Cálcio  Aplicação Superficial Natural Teto Ambiente Comercial Acabamento Largura 618MM  Espessura 8MB Comprimento 1.243MM,"{""took"":0,""timed_out"":false,""_shards"":{""total"":3,""successful"":3,""skipped"":0,""failed"":0},""hits"":{""total"":{""value"":0,""relation"":""eq""},""max_score"":null,""hits"":[]}}","{""took"":0,""timed_out"":false,""_shards"":{""total"":3,""successful"":3,""skipped"":0,""failed"":0},""hits"":{""total"":{""value"":0,""relation"":""eq""},""max_score"":null,""hits"":[]}}","{""took"":0,""timed_out"":false,""_shards"":{""total"":3,""successful"":3,""skipped"":0,""failed"":0},""hits"":{""total"":{""value"":0,""relation"":""eq""},""max_score"":null,""hits"":[]}}","{""took"":0,""timed_out"":false,""_shards"":{""total"":3,""successful"":3,""skipped"":0,""failed"":0},""hits"":{""total"":{""value"":0,""relation"":""eq""},""max_score"":null,""hits"":[]}}"
73,73,73,36,Forro Gesso Sulfato De Cálcio Apresentação Gesso Acartonado Aplicação Teto Ambiente Comercial Acabamento Superficial Natural Comprimento 1.243MM Largura 618MM Espessura 8MB,100,semantico,"Forro de Gesso fabricado com Sulfato de Cálcio em Placas de Gesso Acartonado, Utilizado para o Teto de Ambientes Comerciais, com Acabamento Superficial Natural, Dimensões de Comprimento 1.243Milímetros, Largura 618Milímetros e Espessura de 8Milímetros",Forro Geso Sulfato De Cálcio Apresentação Gesso Acartunado Aplicação Teto Ambiente Comercial Acabamento Superficial Natural Comprimento 1.243MM Largura 618MM Espessura 8MB,Forro Gesso Apresentação Gesso Acartonado Sulfato De Cálcio  Aplicação Superficial Natural Teto Ambiente Comercial Acabamento Largura 618MM  Espessura 8MB Comprimento 1.243MM,,,,
74,74,74,37,Gás Refrigeração Tipo R 22 Aplicação Câmara De Congelamento -18°C,100,lexico,Gás Refrigerante do tipo R22 Utilizado em Câmaras de Congelamento a Temperatura de -18Graus Celsius,Gás Rifrigeração Tipo R 22 Aplicação Câmera De Congelamento -18°C,Câmara Aplicação De Congelamento -18°C Gás Refrigeração Tipo R 22,"{""took"":0,""timed_out"":false,""_shards"":{""total"":3,""successful"":3,""skipped"":0,""failed"":0},""hits"":{""total"":{""value"":0,""relation"":""eq""},""max_score"":null,""hits"":[]}}","{""took"":0,""timed_out"":false,""_shards"":{""total"":3,""successful"":3,""skipped"":0,""failed"":0},""hits"":{""total"":{""value"":0,""relation"":""eq""},""max_score"":null,""hits"":[]}}","{""took"":0,""timed_out"":false,""_shards"":{""total"":3,""successful"":3,""skipped"":0,""failed"":0},""hits"":{""total"":{""value"":0,""relation"":""eq""},""max_score"":null,""hits"":[]}}","{""took"":0,""timed_out"":false,""_shards"":{""total"":3,""successful"":3,""skipped"":0,""failed"":0},""hits"":{""total"":{""value"":0,""relation"":""eq""},""max_score"":null,""hits"":[]}}"
75,75,75,37,Gás Refrigeração Tipo R 22 Aplicação Câmara De Congelamento -18°C,100,semantico,Gás Refrigerante do tipo R22 Utilizado em Câmaras de Congelamento a Temperatura de -18Graus Celsius,Gás Rifrigeração Tipo R 22 Aplicação Câmera De Congelamento -18°C,Câmara Aplicação De Congelamento -18°C Gás Refrigeração Tipo R 22,,,,
76,76,76,38,Anodo Matéria-Prima Cádmio,100,lexico,Anodo fabricado com Matéria-Prima de Cádmio,Anoudo Matéria-Prima Cádmio,Anodo Cádmio Matéria-Prima,"{""took"":0,""timed_out"":false,""_shards"":{""total"":3,""successful"":3,""skipped"":0,""failed"":0},""hits"":{""total"":{""value"":0,""relation"":""eq""},""max_score"":null,""hits"":[]}}","{""took"":0,""timed_out"":false,""_shards"":{""total"":3,""successful"":3,""skipped"":0,""failed"":0},""hits"":{""total"":{""value"":0,""relation"":""eq""},""max_score"":null,""hits"":[]}}","{""took"":0,""timed_out"":false,""_shards"":{""total"":3,""successful"":3,""skipped"":0,""failed"":0},""hits"":{""total"":{""value"":0,""relation"":""eq""},""max_score"":null,""hits"":[]}}","{""took"":0,""timed_out"":false,""_shards"":{""total"":3,""successful"":3,""skipped"":0,""failed"":0},""hits"":{""total"":{""value"":0,""relation"":""eq""},""max_score"":null,""hits"":[]}}"
77,77,77,38,Anodo Matéria-Prima Cádmio,100,semantico,Anodo fabricado com Matéria-Prima de Cádmio,Anoudo Matéria-Prima Cádmio,Anodo Cádmio Matéria-Prima,,,,
78,78,78,39,Tira Reagente Papel Aplicação Quantitativo De Cloro Até 200 Ppm,100,lexico,"Tira Reagente em Papel, Utilizada para a Análise Quantitativa de Cloro com Limite de Detecção de até 200 Partes por Milhão",Tira Reagnte Papel Aplicação Quantitativo De Cloro Até 200 Ppm,Tira Reagente Papel Aplicação Quantitativo De Cloro Até 200 Ppm,"{""took"":1,""timed_out"":false,""_shards"":{""total"":3,""successful"":3,""skipped"":0,""failed"":0},""hits"":{""total"":{""value"":0,""relation"":""eq""},""max_score"":null,""hits"":[]}}","{""took"":0,""timed_out"":false,""_shards"":{""total"":3,""successful"":3,""skipped"":0,""failed"":0},""hits"":{""total"":{""value"":0,""relation"":""eq""},""max_score"":null,""hits"":[]}}","{""took"":0,""timed_out"":false,""_shards"":{""total"":3,""successful"":3,""skipped"":0,""failed"":0},""hits"":{""total"":{""value"":0,""relation"":""eq""},""max_score"":null,""hits"":[]}}","{""took"":0,""timed_out"":false,""_shards"":{""total"":3,""successful"":3,""skipped"":0,""failed"":0},""hits"":{""total"":{""value"":0,""relation"":""eq""},""max_score"":null,""hits"":[]}}"
79,79,79,39,Tira Reagente Papel Aplicação Quantitativo De Cloro Até 200 Ppm,100,semantico,"Tira Reagente em Papel, Utilizada para a Análise Quantitativa de Cloro com Limite de Detecção de até 200 Partes por Milhão",Tira Reagnte Papel Aplicação Quantitativo De Cloro Até 200 Ppm,Tira Reagente Papel Aplicação Quantitativo De Cloro Até 200 Ppm,,,,
80,80,80,40,Disquete Tamanho 3 1/2POL Capacidade 1.44MB Taxa Densidade 2 Hd,100,lexico,"Disquete de 1/2 Polegadas, Armazenamento de 1.44Megabytes e Taxa de Densidade de 2 High Density",Disqute Tamanho 3 1/2POL Capacidade 1.44MB Taxa Densidad 2 Hd,Tamanho 3 1/2POL Taxa Densidade 2 Hd Disquete Capacidade 1.44MB,"{""took"":0,""timed_out"":false,""_shards"":{""total"":3,""successful"":3,""skipped"":0,""failed"":0},""hits"":{""total"":{""value"":0,""relation"":""eq""},""max_score"":null,""hits"":[]}}","{""took"":0,""timed_out"":false,""_shards"":{""total"":3,""successful"":3,""skipped"":0,""failed"":0},""hits"":{""total"":{""value"":0,""relation"":""eq""},""max_score"":null,""hits"":[]}}","{""took"":1,""timed_out"":false,""_shards"":{""total"":3,""successful"":3,""skipped"":0,""failed"":0},""hits"":{""total"":{""value"":0,""relation"":""eq""},""max_score"":null,""hits"":[]}}","{""took"":0,""timed_out"":false,""_shards"":{""total"":3,""successful"":3,""skipped"":0,""failed"":0},""hits"":{""total"":{""value"":0,""relation"":""eq""},""max_score"":null,""hits"":[]}}"
81,81,81,40,Disquete Tamanho 3 1/2POL Capacidade 1.44MB Taxa Densidade 2 Hd,100,semantico,"Disquete de 1/2 Polegadas, Armazenamento de 1.44Megabytes e Taxa de Densidade de 2 High Density",Disqute Tamanho 3 1/2POL Capacidade 1.44MB Taxa Densidad 2 Hd,Tamanho 3 1/2POL Taxa Densidade 2 Hd Disquete Capacidade 1.44MB,,,,
82,82,82,41,"""Doce Leite"" Ingredientes Leite Integral/Edulcorantes/Sorbitol/Sucralose Prazo Validade Mínimo 12UN Tipo Cremoso Dietético/Com Registro No Mapa - Sif/Dipoa",100,lexico,"""Doce de Leite"" produzido com os Ingredientes Leite Integral, Edulcorantes, Sorbitol e Sucralose, com Prazo de Validade Mínimo de 12 Unidades, do tipo Cremoso Dietético, com Registro no (MAPA) - Serviço de Inspeção Federal (SIF) / Departamento de Inspeção de Produtos de Origem Animal (DIPOA)","""Duce Leite"" Ingredientes Leite Integral/Edulcorantes/Sorbitol/Sucralose Prazo Valisdade Mínimo 12UN Tipo Cremoso Dietético/Com Registro No Mapa - Sif/Dipoa","Ingredientes """"""Doce Leite"""" Prazo Validade Mínimo 12UN Leite Integral/Sucralose/Sorbitol/Edulcorantes Tipo Cremoso Registro No Mapa - Sif/Dipoa Adicionais Dietético/Com","{""took"":0,""timed_out"":false,""_shards"":{""total"":3,""successful"":3,""skipped"":0,""failed"":0},""hits"":{""total"":{""value"":0,""relation"":""eq""},""max_score"":null,""hits"":[]}}","{""took"":0,""timed_out"":false,""_shards"":{""total"":3,""successful"":3,""skipped"":0,""failed"":0},""hits"":{""total"":{""value"":0,""relation"":""eq""},""max_score"":null,""hits"":[]}}","{""took"":0,""timed_out"":false,""_shards"":{""total"":3,""successful"":3,""skipped"":0,""failed"":0},""hits"":{""total"":{""value"":0,""relation"":""eq""},""max_score"":null,""hits"":[]}}","{""took"":0,""timed_out"":false,""_shards"":{""total"":3,""successful"":3,""skipped"":0,""failed"":0},""hits"":{""total"":{""value"":0,""relation"":""eq""},""max_score"":null,""hits"":[]}}"
83,83,83,41,"""Doce Leite"" Ingredientes Leite Integral/Edulcorantes/Sorbitol/Sucralose Prazo Validade Mínimo 12UN Tipo Cremoso Dietético/Com Registro No Mapa - Sif/Dipoa",100,semantico,"""Doce de Leite"" produzido com os Ingredientes Leite Integral, Edulcorantes, Sorbitol e Sucralose, com Prazo de Validade Mínimo de 12 Unidades, do tipo Cremoso Dietético, com Registro no (MAPA) - Serviço de Inspeção Federal (SIF) / Departamento de Inspeção de Produtos de Origem Animal (DIPOA)","""Duce Leite"" Ingredientes Leite Integral/Edulcorantes/Sorbitol/Sucralose Prazo Valisdade Mínimo 12UN Tipo Cremoso Dietético/Com Registro No Mapa - Sif/Dipoa","Ingredientes """"""Doce Leite"""" Prazo Validade Mínimo 12UN Leite Integral/Sucralose/Sorbitol/Edulcorantes Tipo Cremoso Registro No Mapa - Sif/Dipoa Adicionais Dietético/Com",,,,
84,84,84,42,Bujão Óleo Abastecimento Referência 14325311 Aplicação Fiat Doblo Modelo: Atractive Uso Diferencial,100,lexico,"Bujão para Abastecimento de Óleo, com Referência 14325311, Utilizado no modelo Atractive da Fiat Doblo, destinado ao Uso no Diferencial",Bijão Óleo Abastecimento Referência 14325311 Apliração Fiat Doblo Model: Atractive Uso Diferencial,Abastecimento Referência 14325311 Bujão Óleo Aplicação Fiat Doblo Modelo: Atractive Uso Diferencial,"{""took"":0,""timed_out"":false,""_shards"":{""total"":3,""successful"":3,""skipped"":0,""failed"":0},""hits"":{""total"":{""value"":0,""relation"":""eq""},""max_score"":null,""hits"":[]}}","{""took"":0,""timed_out"":false,""_shards"":{""total"":3,""successful"":3,""skipped"":0,""failed"":0},""hits"":{""total"":{""value"":0,""relation"":""eq""},""max_score"":null,""hits"":[]}}","{""took"":0,""timed_out"":false,""_shards"":{""total"":3,""successful"":3,""skipped"":0,""failed"":0},""hits"":{""total"":{""value"":0,""relation"":""eq""},""max_score"":null,""hits"":[]}}","{""took"":0,""timed_out"":false,""_shards"":{""total"":3,""successful"":3,""skipped"":0,""failed"":0},""hits"":{""total"":{""value"":0,""relation"":""eq""},""max_score"":null,""hits"":[]}}"
85,85,85,42,Bujão Óleo Abastecimento Referência 14325311 Aplicação Fiat Doblo Modelo: Atractive Uso Diferencial,100,semantico,"Bujão para Abastecimento de Óleo, com Referência 14325311, Utilizado no modelo Atractive da Fiat Doblo, destinado ao Uso no Diferencial",Bijão Óleo Abastecimento Referência 14325311 Apliração Fiat Doblo Model: Atractive Uso Diferencial,Abastecimento Referência 14325311 Bujão Óleo Aplicação Fiat Doblo Modelo: Atractive Uso Diferencial,,,,
86,86,86,43,Folheto Nao Tecnico Papel Couchê Tipo Flyer Medida 15 X 21CM Tipo Impressão 4/0 Conforme Modelo,100,lexico,"Folheto Não Técnico em Papel Couchê, modelo Flyer, Dimensões de 15 por 21 centímetros, Impresso 4 Conforme o Modelo",Folhero Nao Tecnco Papel Cochê Tipo Flyer Medida 15 X 21CM Tipo Impressão 4/0 Conforme Modelo,Folheto Nao Tecnico  Tipo Impressão 4/0 Tipo Flyer Papel Couchê Medida 15 X 21CM Conforme Modelo,"{""took"":0,""timed_out"":false,""_shards"":{""total"":3,""successful"":3,""skipped"":0,""failed"":0},""hits"":{""total"":{""value"":0,""relation"":""eq""},""max_score"":null,""hits"":[]}}","{""took"":0,""timed_out"":false,""_shards"":{""total"":3,""successful"":3,""skipped"":0,""failed"":0},""hits"":{""total"":{""value"":0,""relation"":""eq""},""max_score"":null,""hits"":[]}}","{""took"":0,""timed_out"":false,""_shards"":{""total"":3,""successful"":3,""skipped"":0,""failed"":0},""hits"":{""total"":{""value"":0,""relation"":""eq""},""max_score"":null,""hits"":[]}}","{""took"":0,""timed_out"":false,""_shards"":{""total"":3,""successful"":3,""skipped"":0,""failed"":0},""hits"":{""total"":{""value"":0,""relation"":""eq""},""max_score"":null,""hits"":[]}}"
87,87,87,43,Folheto Nao Tecnico Papel Couchê Tipo Flyer Medida 15 X 21CM Tipo Impressão 4/0 Conforme Modelo,100,semantico,"Folheto Não Técnico em Papel Couchê, modelo Flyer, Dimensões de 15 por 21 centímetros, Impresso 4 Conforme o Modelo",Folhero Nao Tecnco Papel Cochê Tipo Flyer Medida 15 X 21CM Tipo Impressão 4/0 Conforme Modelo,Folheto Nao Tecnico  Tipo Impressão 4/0 Tipo Flyer Papel Couchê Medida 15 X 21CM Conforme Modelo,,,,
88,88,88,44,Tesoura Costura Aço Inoxidável Comprimento 12AWG Tipo Tecelão/Tesourete,100,lexico,Tesoura de Costura em Aço não oxidável com Comprimento de 12 AWG modelo Tecelão ou Tesourete,Tesora Costura Aço Inoxidávil Comprimento 12AWG Tipo Tecelão/Tesorete,Tesoura Costura Tipo Tecelão/Tesourete Aço Inoxidável Comprimento 12AWG,"{""took"":0,""timed_out"":false,""_shards"":{""total"":3,""successful"":3,""skipped"":0,""failed"":0},""hits"":{""total"":{""value"":0,""relation"":""eq""},""max_score"":null,""hits"":[]}}","{""took"":0,""timed_out"":false,""_shards"":{""total"":3,""successful"":3,""skipped"":0,""failed"":0},""hits"":{""total"":{""value"":0,""relation"":""eq""},""max_score"":null,""hits"":[]}}","{""took"":0,""timed_out"":false,""_shards"":{""total"":3,""successful"":3,""skipped"":0,""failed"":0},""hits"":{""total"":{""value"":0,""relation"":""eq""},""max_score"":null,""hits"":[]}}","{""took"":0,""timed_out"":false,""_shards"":{""total"":3,""successful"":3,""skipped"":0,""failed"":0},""hits"":{""total"":{""value"":0,""relation"":""eq""},""max_score"":null,""hits"":[]}}"
89,89,89,44,Tesoura Costura Aço Inoxidável Comprimento 12AWG Tipo Tecelão/Tesourete,100,semantico,Tesoura de Costura em Aço não oxidável com Comprimento de 12 AWG modelo Tecelão ou Tesourete,Tesora Costura Aço Inoxidávil Comprimento 12AWG Tipo Tecelão/Tesorete,Tesoura Costura Tipo Tecelão/Tesourete Aço Inoxidável Comprimento 12AWG,,,,
90,90,90,45,Óleo Isolante Tipo Base Mineral Naftênico Viscosidade Máxima A 40°C 11CM Viscosidade Máxima A 100ºc 3UN Ponto Fulgor 140MS Ponto Fluidez Mínima -12° C Aplicação Transformador/Equipamento Manobra,100,lexico,"Óleo Isolante do tipo Base Mineral Naftênico, com Gomosidade Limite de 11 centímetros quadrados a 40Graus Celsius e 3 Unidades a 100 Graus Celsius, Ponto de Fulgor de 140 MS e Ponto de Fluidez Mínima de -12Graus Celsius, Utilizado em Transformadores e Equipamentos de Manobra",Óleo Isolamte Tipo Base Minersl Naftênico Viscosidade Máxima A 40°C 11CM Viscosidade Máxima A 100ºc 3UN Pont Fulgor 140MS Ponto Fluidez Mínima -12° C Aplicação Transformador/Equipamento Manobra,Óleo Isolante Viscosidade Máxima A 100ºc 3UN Viscosidade Máxima A 40°C 11CM Ponto Fulgor 140MS Tipo Base Mineral Aplicação Transformador/Equipamento Manobra Naftênico Ponto Fluidez Mínima -12° C,"{""took"":0,""timed_out"":false,""_shards"":{""total"":3,""successful"":3,""skipped"":0,""failed"":0},""hits"":{""total"":{""value"":0,""relation"":""eq""},""max_score"":null,""hits"":[]}}","{""took"":0,""timed_out"":false,""_shards"":{""total"":3,""successful"":3,""skipped"":0,""failed"":0},""hits"":{""total"":{""value"":0,""relation"":""eq""},""max_score"":null,""hits"":[]}}","{""took"":0,""timed_out"":false,""_shards"":{""total"":3,""successful"":3,""skipped"":0,""failed"":0},""hits"":{""total"":{""value"":0,""relation"":""eq""},""max_score"":null,""hits"":[]}}","{""took"":0,""timed_out"":false,""_shards"":{""total"":3,""successful"":3,""skipped"":0,""failed"":0},""hits"":{""total"":{""value"":0,""relation"":""eq""},""max_score"":null,""hits"":[]}}"
91,91,91,45,Óleo Isolante Tipo Base Mineral Naftênico Viscosidade Máxima A 40°C 11CM Viscosidade Máxima A 100ºc 3UN Ponto Fulgor 140MS Ponto Fluidez Mínima -12° C Aplicação Transformador/Equipamento Manobra,100,semantico,"Óleo Isolante do tipo Base Mineral Naftênico, com Gomosidade Limite de 11 centímetros quadrados a 40Graus Celsius e 3 Unidades a 100 Graus Celsius, Ponto de Fulgor de 140 MS e Ponto de Fluidez Mínima de -12Graus Celsius, Utilizado em Transformadores e Equipamentos de Manobra",Óleo Isolamte Tipo Base Minersl Naftênico Viscosidade Máxima A 40°C 11CM Viscosidade Máxima A 100ºc 3UN Pont Fulgor 140MS Ponto Fluidez Mínima -12° C Aplicação Transformador/Equipamento Manobra,Óleo Isolante Viscosidade Máxima A 100ºc 3UN Viscosidade Máxima A 40°C 11CM Ponto Fulgor 140MS Tipo Base Mineral Aplicação Transformador/Equipamento Manobra Naftênico Ponto Fluidez Mínima -12° C,,,,
92,92,92,46,Balanceadora De Rodas Tipo Balanceamento Estático E Dinâmico Acionamento Motor Tensão Alimentação 220V Precisão 2MG Faixa Larguras Rodas 1 A 20POL Faixa Diâmetros Rodas 12 A 22POL,100,lexico,"Balanceadora de Rodas do tipo Balanceamento Estático e Dinâmico, com Acionamento Motor e Alimentação de 220 Volts, com Precisão de 2 Miligramas, Faixa de Larguras das Rodas de 1 a 20 Polegadas e Faixa de Diâmetros das Rodas de 12 a 22 Polegadas",Balanceadora De Rodas Tipo Balanceameto Estátic E Dinâmico Acionamnto Motor Tensão Alimentação 220V Precisão 2MG Faixa Larguras Rodas 1 A 20POL Faixa Diâmetos Rodas 12 A 22POL,Balanceadora De Rodas Faixa Diâmetros Rodas 12 A 22POL Faixa Larguras Rodas 1 A 20POL Acionamento Motor Tensão Alimentação 220V Precisão 2MG Tipo Balanceamento Dinâmico E Estático,"{""took"":0,""timed_out"":false,""_shards"":{""total"":3,""successful"":3,""skipped"":0,""failed"":0},""hits"":{""total"":{""value"":0,""relation"":""eq""},""max_score"":null,""hits"":[]}}","{""took"":0,""timed_out"":false,""_shards"":{""total"":3,""successful"":3,""skipped"":0,""failed"":0},""hits"":{""total"":{""value"":0,""relation"":""eq""},""max_score"":null,""hits"":[]}}","{""took"":0,""timed_out"":false,""_shards"":{""total"":3,""successful"":3,""skipped"":0,""failed"":0},""hits"":{""total"":{""value"":0,""relation"":""eq""},""max_score"":null,""hits"":[]}}","{""took"":0,""timed_out"":false,""_shards"":{""total"":3,""successful"":3,""skipped"":0,""failed"":0},""hits"":{""total"":{""value"":0,""relation"":""eq""},""max_score"":null,""hits"":[]}}"
93,93,93,46,Balanceadora De Rodas Tipo Balanceamento Estático E Dinâmico Acionamento Motor Tensão Alimentação 220V Precisão 2MG Faixa Larguras Rodas 1 A 20POL Faixa Diâmetros Rodas 12 A 22POL,100,semantico,"Balanceadora de Rodas do tipo Balanceamento Estático e Dinâmico, com Acionamento Motor e Alimentação de 220 Volts, com Precisão de 2 Miligramas, Faixa de Larguras das Rodas de 1 a 20 Polegadas e Faixa de Diâmetros das Rodas de 12 a 22 Polegadas",Balanceadora De Rodas Tipo Balanceameto Estátic E Dinâmico Acionamnto Motor Tensão Alimentação 220V Precisão 2MG Faixa Larguras Rodas 1 A 20POL Faixa Diâmetos Rodas 12 A 22POL,Balanceadora De Rodas Faixa Diâmetros Rodas 12 A 22POL Faixa Larguras Rodas 1 A 20POL Acionamento Motor Tensão Alimentação 220V Precisão 2MG Tipo Balanceamento Dinâmico E Estático,,,,
94,94,94,47,Bancada Profissional Aço Carbono E Compensado Naval Comprimento 200V Largura 60MM Altura 92MM Espessura 40X Aplicação Laboratório Tampo Compensado Naval Ou Pinus E Envernizado De 4 Componentes 2 Gavetas Com Cadeado,100,lexico,"Bancada Profissional fabricada em Aço Carbono e Compensado Naval, com Dimensões de Comprimento 200Volts, Largura 60Milímetros, Altura 92Milímetros e Espessura de 40vezes, Utilizada em Laboratórios, com Tampo de Compensado Naval ou Pinus, Envernizado, com 4Componentes e 2Gavetas com Cadeado",Bancada Profissional Aço Carbono E Compensado Naval Comprimento 200V Largura 60MM Altura 92MM Espessura 40X Aplicação Laboratóro Tampo Compensado Navsl Ou Pinus E Envernizado De 4 Componentes 2 Gavetas Com Cadeado,Bancada Profissional Compensado Naval E Aço Espessura 40X Carbono Largura 60MM Altura 92MM Comprimento 200V Aplicação Laboratório Pinus E Envernizado De 2 Gavetas 4 Componentes Com Cadeado Ou Tampo Compensado Naval,"{""took"":0,""timed_out"":false,""_shards"":{""total"":3,""successful"":3,""skipped"":0,""failed"":0},""hits"":{""total"":{""value"":0,""relation"":""eq""},""max_score"":null,""hits"":[]}}","{""took"":0,""timed_out"":false,""_shards"":{""total"":3,""successful"":3,""skipped"":0,""failed"":0},""hits"":{""total"":{""value"":0,""relation"":""eq""},""max_score"":null,""hits"":[]}}","{""took"":0,""timed_out"":false,""_shards"":{""total"":3,""successful"":3,""skipped"":0,""failed"":0},""hits"":{""total"":{""value"":0,""relation"":""eq""},""max_score"":null,""hits"":[]}}","{""took"":0,""timed_out"":false,""_shards"":{""total"":3,""successful"":3,""skipped"":0,""failed"":0},""hits"":{""total"":{""value"":0,""relation"":""eq""},""max_score"":null,""hits"":[]}}"
95,95,95,47,Bancada Profissional Aço Carbono E Compensado Naval Comprimento 200V Largura 60MM Altura 92MM Espessura 40X Aplicação Laboratório Tampo Compensado Naval Ou Pinus E Envernizado De 4 Componentes 2 Gavetas Com Cadeado,100,semantico,"Bancada Profissional fabricada em Aço Carbono e Compensado Naval, com Dimensões de Comprimento 200Volts, Largura 60Milímetros, Altura 92Milímetros e Espessura de 40vezes, Utilizada em Laboratórios, com Tampo de Compensado Naval ou Pinus, Envernizado, com 4Componentes e 2Gavetas com Cadeado",Bancada Profissional Aço Carbono E Compensado Naval Comprimento 200V Largura 60MM Altura 92MM Espessura 40X Aplicação Laboratóro Tampo Compensado Navsl Ou Pinus E Envernizado De 4 Componentes 2 Gavetas Com Cadeado,Bancada Profissional Compensado Naval E Aço Espessura 40X Carbono Largura 60MM Altura 92MM Comprimento 200V Aplicação Laboratório Pinus E Envernizado De 2 Gavetas 4 Componentes Com Cadeado Ou Tampo Compensado Naval,,,,
96,96,96,48,"Acoplamento Elástico Poliuretano Modelo Ômega E70m Rexnord Aplicação Bomba D'Água Bipartido, Diãmetro Externo 356mm",100,lexico,"Acoplamento Elástico de Poliuretano, Tipo Ômega E70m da Rexnord, Utilizado em Bombas d'Água Bipartidas, com Diâmetro Externo de 356 milímetros","Acoplamento Elástico Poliureteno Modelo Ômega E70m Rexnod Aplicação Bomba D'Água Bipartido, Diãmetro Externo 356mm","Poliuretano Modelo Ômega E70m Acoplamento Elástico Rexnord Bipartido, Diãmetro Externo 356mm Aplicação Bomba D'Água","{""took"":0,""timed_out"":false,""_shards"":{""total"":3,""successful"":3,""skipped"":0,""failed"":0},""hits"":{""total"":{""value"":0,""relation"":""eq""},""max_score"":null,""hits"":[]}}","{""took"":0,""timed_out"":false,""_shards"":{""total"":3,""successful"":3,""skipped"":0,""failed"":0},""hits"":{""total"":{""value"":0,""relation"":""eq""},""max_score"":null,""hits"":[]}}","{""took"":0,""timed_out"":false,""_shards"":{""total"":3,""successful"":3,""skipped"":0,""failed"":0},""hits"":{""total"":{""value"":0,""relation"":""eq""},""max_score"":null,""hits"":[]}}","{""took"":0,""timed_out"":false,""_shards"":{""total"":3,""successful"":3,""skipped"":0,""failed"":0},""hits"":{""total"":{""value"":0,""relation"":""eq""},""max_score"":null,""hits"":[]}}"
97,97,97,48,"Acoplamento Elástico Poliuretano Modelo Ômega E70m Rexnord Aplicação Bomba D'Água Bipartido, Diãmetro Externo 356mm",100,semantico,"Acoplamento Elástico de Poliuretano, Tipo Ômega E70m da Rexnord, Utilizado em Bombas d'Água Bipartidas, com Diâmetro Externo de 356 milímetros","Acoplamento Elástico Poliureteno Modelo Ômega E70m Rexnod Aplicação Bomba D'Água Bipartido, Diãmetro Externo 356mm","Poliuretano Modelo Ômega E70m Acoplamento Elástico Rexnord Bipartido, Diãmetro Externo 356mm Aplicação Bomba D'Água",,,,
98,98,98,49,Anticorrosivo Apresentação Líquido Aspecto Físico Líquido Viscoso Composição Aditivos Lubrificantes E Anticorrosivos Outros Componentes Lubrificante,100,lexico,Anticorrosivo em forma de Líquido com aparência gomosa Composto por Aditivos Lubrificantes e Anticorrosivos,Anticorrosivo Apresentação Líquido Aspecto Físico Líquido Vicoso Composição Aditivos Lubrificantes E Anticorosivos Outros Componentes Lubrficante,Apresentação Líquido Aspecto Físico Anticorrosivo Composição Aditivos Lubrificantes Líquido Viscoso E Anticorrosivos Componentes Lubrificante Outros,"{""took"":0,""timed_out"":false,""_shards"":{""total"":3,""successful"":3,""skipped"":0,""failed"":0},""hits"":{""total"":{""value"":0,""relation"":""eq""},""max_score"":null,""hits"":[]}}","{""took"":0,""timed_out"":false,""_shards"":{""total"":3,""successful"":3,""skipped"":0,""failed"":0},""hits"":{""total"":{""value"":0,""relation"":""eq""},""max_score"":null,""hits"":[]}}","{""took"":0,""timed_out"":false,""_shards"":{""total"":3,""successful"":3,""skipped"":0,""failed"":0},""hits"":{""total"":{""value"":0,""relation"":""eq""},""max_score"":null,""hits"":[]}}","{""took"":0,""timed_out"":false,""_shards"":{""total"":3,""successful"":3,""skipped"":0,""failed"":0},""hits"":{""total"":{""value"":0,""relation"":""eq""},""max_score"":null,""hits"":[]}}"
99,99,99,49,Anticorrosivo Apresentação Líquido Aspecto Físico Líquido Viscoso Composição Aditivos Lubrificantes E Anticorrosivos Outros Componentes Lubrificante,100,semantico,Anticorrosivo em forma de Líquido com aparência gomosa Composto por Aditivos Lubrificantes e Anticorrosivos,Anticorrosivo Apresentação Líquido Aspecto Físico Líquido Vicoso Composição Aditivos Lubrificantes E Anticorosivos Outros Componentes Lubrficante,Apresentação Líquido Aspecto Físico Anticorrosivo Composição Aditivos Lubrificantes Líquido Viscoso E Anticorrosivos Componentes Lubrificante Outros,,,,
