,index,Unnamed: 0.2,Unnamed: 0.1,Unnamed: 0,ID_MATERIAL,MATERIAL_TEXT,reordenados
0,0,38,38,38,508151,"Bloco Altura 19POL Argila Comprimento 29T Largura 14UN Compressão Mínima De 2,5 Mpa","Bloco Altura 19POL Largura 14UN Argila Comprimento 29T Compressão Mínima De 2,5 Mpa"
1,1,38,38,38,508151,"Bloco Altura 19POL Argila Comprimento 29T Largura 14UN Compressão Mínima De 2,5 Mpa","Bloco Altura 19POL Largura 14UN Argila Comprimento 29T Compressão Mínima De 2,5 Mpa"
2,2,38,38,38,508151,"Bloco Altura 19POL Argila Comprimento 29T Largura 14UN Compressão Mínima De 2,5 Mpa","Bloco Altura 19POL Largura 14UN Argila Comprimento 29T Compressão Mínima De 2,5 Mpa"
3,3,39,39,39,508151,"Bloco Altura 19POL Argila Comprimento 29T Largura 14UN Compressão Mínima De 2,5 Mpa","Bloco Altura 19POL Largura 14UN Argila Comprimento 29T Compressão Mínima De 2,5 Mpa"
4,4,26,26,26,581197,"Retroescavadeira Potência Operacional Mínima 85MS Peso Vazia 6.800KG Capacidade Mínima Carregadeira 0,96M3 Capacidade Mínima Escavadeira 0,30MM2","Retroescavadeira Peso Vazia 6.800KG Potência Operacional Mínima 85MS Capacidade Mínima Escavadeira 0,30MM2 Capacidade Mínima Carregadeira 0,96M3"
5,5,26,26,26,581197,"Retroescavadeira Potência Operacional Mínima 85MS Peso Vazia 6.800KG Capacidade Mínima Carregadeira 0,96M3 Capacidade Mínima Escavadeira 0,30MM2","Retroescavadeira Peso Vazia 6.800KG Potência Operacional Mínima 85MS Capacidade Mínima Escavadeira 0,30MM2 Capacidade Mínima Carregadeira 0,96M3"
6,6,26,26,26,581197,"Retroescavadeira Potência Operacional Mínima 85MS Peso Vazia 6.800KG Capacidade Mínima Carregadeira 0,96M3 Capacidade Mínima Escavadeira 0,30MM2","Retroescavadeira Peso Vazia 6.800KG Potência Operacional Mínima 85MS Capacidade Mínima Escavadeira 0,30MM2 Capacidade Mínima Carregadeira 0,96M3"
7,7,27,27,27,581197,"Retroescavadeira Potência Operacional Mínima 85MS Peso Vazia 6.800KG Capacidade Mínima Carregadeira 0,96M3 Capacidade Mínima Escavadeira 0,30MM2","Retroescavadeira Peso Vazia 6.800KG Potência Operacional Mínima 85MS Capacidade Mínima Escavadeira 0,30MM2 Capacidade Mínima Carregadeira 0,96M3"
8,8,0,0,0,475502,Bandeja Revelação Plástico Ranhuras Fundo E Apoio Para Termômetro Altura 7L/MIN Comprimento 18POL Largura 13 Cor Bege,Bandeja Revelação Plástico Comprimento 18POL Largura 13 Cor Bege Ranhuras Fundo E Apoio Para Termômetro Altura 7L/MIN
9,9,0,0,0,475502,Bandeja Revelação Plástico Ranhuras Fundo E Apoio Para Termômetro Altura 7L/MIN Comprimento 18POL Largura 13 Cor Bege,Bandeja Revelação Plástico Comprimento 18POL Largura 13 Cor Bege Ranhuras Fundo E Apoio Para Termômetro Altura 7L/MIN
10,10,0,0,0,475502,Bandeja Revelação Plástico Ranhuras Fundo E Apoio Para Termômetro Altura 7L/MIN Comprimento 18POL Largura 13 Cor Bege,Bandeja Revelação Plástico Comprimento 18POL Largura 13 Cor Bege Ranhuras Fundo E Apoio Para Termômetro Altura 7L/MIN
11,11,1,1,1,475502,Bandeja Revelação Plástico Ranhuras Fundo E Apoio Para Termômetro Altura 7L/MIN Comprimento 18POL Largura 13 Cor Bege,Bandeja Revelação Plástico Comprimento 18POL Largura 13 Cor Bege Ranhuras Fundo E Apoio Para Termômetro Altura 7L/MIN
12,12,2,2,2,476587,Forno Mufla Aplicação Tratamento Térmico Temperatura Máxima 1.400V Largura 600MBPS Altura 400V Profundidade 680MMHG Volume 163MM,Forno Mufla Aplicação Tratamento Térmico Temperatura Máxima 1.400V Profundidade 680MMHG Volume 163MM Largura 600MBPS Altura 400V
13,13,2,2,2,476587,Forno Mufla Aplicação Tratamento Térmico Temperatura Máxima 1.400V Largura 600MBPS Altura 400V Profundidade 680MMHG Volume 163MM,Forno Mufla Aplicação Tratamento Térmico Temperatura Máxima 1.400V Profundidade 680MMHG Volume 163MM Largura 600MBPS Altura 400V
14,14,2,2,2,476587,Forno Mufla Aplicação Tratamento Térmico Temperatura Máxima 1.400V Largura 600MBPS Altura 400V Profundidade 680MMHG Volume 163MM,Forno Mufla Aplicação Tratamento Térmico Temperatura Máxima 1.400V Profundidade 680MMHG Volume 163MM Largura 600MBPS Altura 400V
15,15,3,3,3,476587,Forno Mufla Aplicação Tratamento Térmico Temperatura Máxima 1.400V Largura 600MBPS Altura 400V Profundidade 680MMHG Volume 163MM,Forno Mufla Aplicação Tratamento Térmico Temperatura Máxima 1.400V Profundidade 680MMHG Volume 163MM Largura 600MBPS Altura 400V
16,16,4,4,4,476635,Retificador Soldagem Alimentação 220/380/440VCA Freqüência 60MM Soldagem Eletrodos Até 6 Mm Diâmetro Corrente 400V Peso 250W,Retificador Soldagem Freqüência 60MM Alimentação 220/380/440VCA Diâmetro Corrente 400V Peso 250W Soldagem Eletrodos Até 6 Mm
17,17,4,4,4,476635,Retificador Soldagem Alimentação 220/380/440VCA Freqüência 60MM Soldagem Eletrodos Até 6 Mm Diâmetro Corrente 400V Peso 250W,Retificador Soldagem Freqüência 60MM Alimentação 220/380/440VCA Diâmetro Corrente 400V Peso 250W Soldagem Eletrodos Até 6 Mm
18,18,4,4,4,476635,Retificador Soldagem Alimentação 220/380/440VCA Freqüência 60MM Soldagem Eletrodos Até 6 Mm Diâmetro Corrente 400V Peso 250W,Retificador Soldagem Freqüência 60MM Alimentação 220/380/440VCA Diâmetro Corrente 400V Peso 250W Soldagem Eletrodos Até 6 Mm
19,19,5,5,5,476635,Retificador Soldagem Alimentação 220/380/440VCA Freqüência 60MM Soldagem Eletrodos Até 6 Mm Diâmetro Corrente 400V Peso 250W,Retificador Soldagem Freqüência 60MM Alimentação 220/380/440VCA Diâmetro Corrente 400V Peso 250W Soldagem Eletrodos Até 6 Mm
20,20,6,6,6,476644,"Máquina Solda Portátil Freqüência Nominal 50/60HZ Tipo Inversora Tensão BivoltV Fator Potência 0,73 Faixa Corrente 10165ªA Corrente De Entrada: 28.5ª","Máquina Solda Portátil Tipo Inversora Tensão BivoltV Freqüência Nominal 50/60HZ Fator Potência 0,73 Faixa Corrente 10165ªA Corrente De Entrada: 28.5ª"
21,21,6,6,6,476644,"Máquina Solda Portátil Freqüência Nominal 50/60HZ Tipo Inversora Tensão BivoltV Fator Potência 0,73 Faixa Corrente 10165ªA Corrente De Entrada: 28.5ª","Máquina Solda Portátil Tipo Inversora Tensão BivoltV Freqüência Nominal 50/60HZ Fator Potência 0,73 Faixa Corrente 10165ªA Corrente De Entrada: 28.5ª"
22,22,6,6,6,476644,"Máquina Solda Portátil Freqüência Nominal 50/60HZ Tipo Inversora Tensão BivoltV Fator Potência 0,73 Faixa Corrente 10165ªA Corrente De Entrada: 28.5ª","Máquina Solda Portátil Tipo Inversora Tensão BivoltV Freqüência Nominal 50/60HZ Fator Potência 0,73 Faixa Corrente 10165ªA Corrente De Entrada: 28.5ª"
23,23,7,7,7,476644,"Máquina Solda Portátil Freqüência Nominal 50/60HZ Tipo Inversora Tensão BivoltV Fator Potência 0,73 Faixa Corrente 10165ªA Corrente De Entrada: 28.5ª","Máquina Solda Portátil Tipo Inversora Tensão BivoltV Freqüência Nominal 50/60HZ Fator Potência 0,73 Faixa Corrente 10165ªA Corrente De Entrada: 28.5ª"
24,24,8,8,8,476989,Empilhadeira Elétrica Capacidade 1.500VA Corrente Alimentação Contínua Altura Elevação Garfo 3.600MM Comprimento Total 1.750RPM Largura Externa Garfo 680MMHG Peso 1.135KG Com Bateria E Carregador,Empilhadeira Elétrica Corrente Alimentação Contínua  Capacidade 1.500VA Altura Elevação Garfo 3.600MM Largura Externa Garfo 680MMHG Peso 1.135KG  Comprimento Total 1.750RPM Com Bateria E Carregador
25,25,8,8,8,476989,Empilhadeira Elétrica Capacidade 1.500VA Corrente Alimentação Contínua Altura Elevação Garfo 3.600MM Comprimento Total 1.750RPM Largura Externa Garfo 680MMHG Peso 1.135KG Com Bateria E Carregador,Empilhadeira Elétrica Corrente Alimentação Contínua  Capacidade 1.500VA Altura Elevação Garfo 3.600MM Largura Externa Garfo 680MMHG Peso 1.135KG  Comprimento Total 1.750RPM Com Bateria E Carregador
26,26,8,8,8,476989,Empilhadeira Elétrica Capacidade 1.500VA Corrente Alimentação Contínua Altura Elevação Garfo 3.600MM Comprimento Total 1.750RPM Largura Externa Garfo 680MMHG Peso 1.135KG Com Bateria E Carregador,Empilhadeira Elétrica Corrente Alimentação Contínua  Capacidade 1.500VA Altura Elevação Garfo 3.600MM Largura Externa Garfo 680MMHG Peso 1.135KG  Comprimento Total 1.750RPM Com Bateria E Carregador
27,27,9,9,9,476989,Empilhadeira Elétrica Capacidade 1.500VA Corrente Alimentação Contínua Altura Elevação Garfo 3.600MM Comprimento Total 1.750RPM Largura Externa Garfo 680MMHG Peso 1.135KG Com Bateria E Carregador,Empilhadeira Elétrica Corrente Alimentação Contínua  Capacidade 1.500VA Altura Elevação Garfo 3.600MM Largura Externa Garfo 680MMHG Peso 1.135KG  Comprimento Total 1.750RPM Com Bateria E Carregador
28,28,10,10,10,478509,"Serra Portátil Tipo Sabre Quantidade Golpes Por Minuto 2.800MM Tensão Alimentação 220/230V Capacidade Corte Madeira 90GRA Capacidade Corte Aço 90GRA Capacidade Corte Alumínio 90GRA Potência 590MM Peso 2,90L Alimentação Bateria, Freio Elétrico E Comprimento","Tipo Sabre Serra Portátil Potência 590MM Peso 2,90L Tensão Alimentação 220/230V Capacidade Corte Madeira 90GRA Capacidade Corte Aço 90GRA Capacidade Corte Alumínio 90GRA Alimentação Bateria, Freio Elétrico E Comprimento Quantidade Golpes Por Minuto 2.800MM"
29,29,10,10,10,478509,"Serra Portátil Tipo Sabre Quantidade Golpes Por Minuto 2.800MM Tensão Alimentação 220/230V Capacidade Corte Madeira 90GRA Capacidade Corte Aço 90GRA Capacidade Corte Alumínio 90GRA Potência 590MM Peso 2,90L Alimentação Bateria, Freio Elétrico E Comprimento","Tipo Sabre Serra Portátil Potência 590MM Peso 2,90L Tensão Alimentação 220/230V Capacidade Corte Madeira 90GRA Capacidade Corte Aço 90GRA Capacidade Corte Alumínio 90GRA Alimentação Bateria, Freio Elétrico E Comprimento Quantidade Golpes Por Minuto 2.800MM"
30,30,10,10,10,478509,"Serra Portátil Tipo Sabre Quantidade Golpes Por Minuto 2.800MM Tensão Alimentação 220/230V Capacidade Corte Madeira 90GRA Capacidade Corte Aço 90GRA Capacidade Corte Alumínio 90GRA Potência 590MM Peso 2,90L Alimentação Bateria, Freio Elétrico E Comprimento","Tipo Sabre Serra Portátil Potência 590MM Peso 2,90L Tensão Alimentação 220/230V Capacidade Corte Madeira 90GRA Capacidade Corte Aço 90GRA Capacidade Corte Alumínio 90GRA Alimentação Bateria, Freio Elétrico E Comprimento Quantidade Golpes Por Minuto 2.800MM"
31,31,11,11,11,478509,"Serra Portátil Tipo Sabre Quantidade Golpes Por Minuto 2.800MM Tensão Alimentação 220/230V Capacidade Corte Madeira 90GRA Capacidade Corte Aço 90GRA Capacidade Corte Alumínio 90GRA Potência 590MM Peso 2,90L Alimentação Bateria, Freio Elétrico E Comprimento","Tipo Sabre Serra Portátil Potência 590MM Peso 2,90L Tensão Alimentação 220/230V Capacidade Corte Madeira 90GRA Capacidade Corte Aço 90GRA Capacidade Corte Alumínio 90GRA Alimentação Bateria, Freio Elétrico E Comprimento Quantidade Golpes Por Minuto 2.800MM"
32,32,12,12,12,480052,"Estação Solda Tensão Alimentação 110/220V Formato Ponta Cônica Fina Curva (0,4 E 0,5mm), Cônica Curva (3,5 Controle Termostático Incluído, Com Variação De +/- 3°C Acompanha Ferro De Solda, Suporte P/ Ferro De Sol Faixa Temperatura 100 A 450°C","Estação Solda Formato Ponta Cônica Fina Curva (0,4 E 0,5mm), Cônica Curva (3,5 Controle Termostático Incluído, Com Variação De +/- 3°C Tensão Alimentação 110/220V Acompanha Ferro De Solda, Suporte P/ Ferro De Sol Faixa Temperatura 100 A 450°C"""
33,33,12,12,12,480052,"Estação Solda Tensão Alimentação 110/220V Formato Ponta Cônica Fina Curva (0,4 E 0,5mm), Cônica Curva (3,5 Controle Termostático Incluído, Com Variação De +/- 3°C Acompanha Ferro De Solda, Suporte P/ Ferro De Sol Faixa Temperatura 100 A 450°C","Estação Solda Formato Ponta Cônica Fina Curva (0,4 E 0,5mm), Cônica Curva (3,5 Controle Termostático Incluído, Com Variação De +/- 3°C Tensão Alimentação 110/220V Acompanha Ferro De Solda, Suporte P/ Ferro De Sol Faixa Temperatura 100 A 450°C"""
34,34,12,12,12,480052,"Estação Solda Tensão Alimentação 110/220V Formato Ponta Cônica Fina Curva (0,4 E 0,5mm), Cônica Curva (3,5 Controle Termostático Incluído, Com Variação De +/- 3°C Acompanha Ferro De Solda, Suporte P/ Ferro De Sol Faixa Temperatura 100 A 450°C","Estação Solda Formato Ponta Cônica Fina Curva (0,4 E 0,5mm), Cônica Curva (3,5 Controle Termostático Incluído, Com Variação De +/- 3°C Tensão Alimentação 110/220V Acompanha Ferro De Solda, Suporte P/ Ferro De Sol Faixa Temperatura 100 A 450°C"""
35,35,13,13,13,480052,"Estação Solda Tensão Alimentação 110/220V Formato Ponta Cônica Fina Curva (0,4 E 0,5mm), Cônica Curva (3,5 Controle Termostático Incluído, Com Variação De +/- 3°C Acompanha Ferro De Solda, Suporte P/ Ferro De Sol Faixa Temperatura 100 A 450°C","Estação Solda Formato Ponta Cônica Fina Curva (0,4 E 0,5mm), Cônica Curva (3,5 Controle Termostático Incluído, Com Variação De +/- 3°C Tensão Alimentação 110/220V Acompanha Ferro De Solda, Suporte P/ Ferro De Sol Faixa Temperatura 100 A 450°C"""
36,36,14,14,14,497941,"Alvo De Tiro Papel Cartão Tipo Quadrado Tamanho 55 X 55MM Alvo Para Pistola, De Competição, 25 E 50 M.","Papel Cartão Tipo Quadrado Tamanho 55 X 55MM Alvo Para Pistola, De Competição, 25 E 50 M. Alvo De Tiro"
37,37,14,14,14,497941,"Alvo De Tiro Papel Cartão Tipo Quadrado Tamanho 55 X 55MM Alvo Para Pistola, De Competição, 25 E 50 M.","Papel Cartão Tipo Quadrado Tamanho 55 X 55MM Alvo Para Pistola, De Competição, 25 E 50 M. Alvo De Tiro"
38,38,14,14,14,497941,"Alvo De Tiro Papel Cartão Tipo Quadrado Tamanho 55 X 55MM Alvo Para Pistola, De Competição, 25 E 50 M.","Papel Cartão Tipo Quadrado Tamanho 55 X 55MM Alvo Para Pistola, De Competição, 25 E 50 M. Alvo De Tiro"
39,39,15,15,15,497941,"Alvo De Tiro Papel Cartão Tipo Quadrado Tamanho 55 X 55MM Alvo Para Pistola, De Competição, 25 E 50 M.","Papel Cartão Tipo Quadrado Tamanho 55 X 55MM Alvo Para Pistola, De Competição, 25 E 50 M. Alvo De Tiro"
40,40,16,16,16,507527,Bebida Alcoólica Procedência Nacional Tipo Saquê Teor Alcoolico 15 A 35°C,Teor Alcoolico 15 A 35°C Bebida Alcoólica Procedência Nacional Tipo Saquê
41,41,16,16,16,507527,Bebida Alcoólica Procedência Nacional Tipo Saquê Teor Alcoolico 15 A 35°C,Teor Alcoolico 15 A 35°C Bebida Alcoólica Procedência Nacional Tipo Saquê
42,42,16,16,16,507527,Bebida Alcoólica Procedência Nacional Tipo Saquê Teor Alcoolico 15 A 35°C,Teor Alcoolico 15 A 35°C Bebida Alcoólica Procedência Nacional Tipo Saquê
43,43,17,17,17,507527,Bebida Alcoólica Procedência Nacional Tipo Saquê Teor Alcoolico 15 A 35°C,Teor Alcoolico 15 A 35°C Bebida Alcoólica Procedência Nacional Tipo Saquê
44,44,18,18,18,537406,Êmbolo Válvula Hidráulica Plástico Rígido Aplicação Válvula Descarga Bitola 1 1/2POL,Êmbolo  Plástico Válvula Hidráulica Rígido Aplicação Válvula Descarga Bitola 1 1/2POL
45,45,19,19,19,537406,Êmbolo Válvula Hidráulica Plástico Rígido Aplicação Válvula Descarga Bitola 1 1/2POL,Êmbolo  Plástico Válvula Hidráulica Rígido Aplicação Válvula Descarga Bitola 1 1/2POL
46,46,19,19,19,537406,Êmbolo Válvula Hidráulica Plástico Rígido Aplicação Válvula Descarga Bitola 1 1/2POL,Êmbolo  Plástico Válvula Hidráulica Rígido Aplicação Válvula Descarga Bitola 1 1/2POL
47,47,19,19,19,537406,Êmbolo Válvula Hidráulica Plástico Rígido Aplicação Válvula Descarga Bitola 1 1/2POL,Êmbolo  Plástico Válvula Hidráulica Rígido Aplicação Válvula Descarga Bitola 1 1/2POL
48,48,20,20,20,549794,Grafite Grau Msp7 Isostático Apresentação Bloco Comprimento 180°C Largura 180°C Altura 300L,Grafite Grau Msp7 Isostático Apresentação Altura 300L Largura 180°C  Bloco Comprimento 180°C
49,49,20,20,20,549794,Grafite Grau Msp7 Isostático Apresentação Bloco Comprimento 180°C Largura 180°C Altura 300L,Grafite Grau Msp7 Isostático Apresentação Altura 300L Largura 180°C  Bloco Comprimento 180°C
50,50,20,20,20,549794,Grafite Grau Msp7 Isostático Apresentação Bloco Comprimento 180°C Largura 180°C Altura 300L,Grafite Grau Msp7 Isostático Apresentação Altura 300L Largura 180°C  Bloco Comprimento 180°C
51,51,21,21,21,549794,Grafite Grau Msp7 Isostático Apresentação Bloco Comprimento 180°C Largura 180°C Altura 300L,Grafite Grau Msp7 Isostático Apresentação Altura 300L Largura 180°C  Bloco Comprimento 180°C
52,52,22,22,22,556754,"Lanterna Não Elétrica Quantidade Pilhas 2MG Tamanho Pilha Grande Alumínio Anodizado Tipo Foco Regulável Diâmetro 39,67MM Comprimento 254MM A Prova D'Água E Corrosão","Lanterna Não Elétrica Diâmetro 39,67MM Comprimento 254MM Quantidade Pilhas 2MG Tamanho Pilha Grande Alumínio Anodizado Tipo Foco Regulável A Prova D'Água E Corrosão"
53,53,22,22,22,556754,"Lanterna Não Elétrica Quantidade Pilhas 2MG Tamanho Pilha Grande Alumínio Anodizado Tipo Foco Regulável Diâmetro 39,67MM Comprimento 254MM A Prova D'Água E Corrosão","Lanterna Não Elétrica Diâmetro 39,67MM Comprimento 254MM Quantidade Pilhas 2MG Tamanho Pilha Grande Alumínio Anodizado Tipo Foco Regulável A Prova D'Água E Corrosão"
54,54,22,22,22,556754,"Lanterna Não Elétrica Quantidade Pilhas 2MG Tamanho Pilha Grande Alumínio Anodizado Tipo Foco Regulável Diâmetro 39,67MM Comprimento 254MM A Prova D'Água E Corrosão","Lanterna Não Elétrica Diâmetro 39,67MM Comprimento 254MM Quantidade Pilhas 2MG Tamanho Pilha Grande Alumínio Anodizado Tipo Foco Regulável A Prova D'Água E Corrosão"
55,55,23,23,23,556754,"Lanterna Não Elétrica Quantidade Pilhas 2MG Tamanho Pilha Grande Alumínio Anodizado Tipo Foco Regulável Diâmetro 39,67MM Comprimento 254MM A Prova D'Água E Corrosão","Lanterna Não Elétrica Diâmetro 39,67MM Comprimento 254MM Quantidade Pilhas 2MG Tamanho Pilha Grande Alumínio Anodizado Tipo Foco Regulável A Prova D'Água E Corrosão"
56,56,24,24,24,564730,Moto-Esmeril Potência Motor 1/2POL Velocidade 3.400M3/H Tensão Alimentação 110/220V Quantidade Fases Monofásico Duplo Rebolo 6 X 3/4 X 5/8 Pol,Moto-Esmeril Tensão Alimentação 110/220V Quantidade Fases Monofásico Duplo Rebolo 6 X 3/4 X 5/8 Pol Potência Motor 1/2POL Velocidade 3.400M3/H
57,57,24,24,24,564730,Moto-Esmeril Potência Motor 1/2POL Velocidade 3.400M3/H Tensão Alimentação 110/220V Quantidade Fases Monofásico Duplo Rebolo 6 X 3/4 X 5/8 Pol,Moto-Esmeril Tensão Alimentação 110/220V Quantidade Fases Monofásico Duplo Rebolo 6 X 3/4 X 5/8 Pol Potência Motor 1/2POL Velocidade 3.400M3/H
58,58,24,24,24,564730,Moto-Esmeril Potência Motor 1/2POL Velocidade 3.400M3/H Tensão Alimentação 110/220V Quantidade Fases Monofásico Duplo Rebolo 6 X 3/4 X 5/8 Pol,Moto-Esmeril Tensão Alimentação 110/220V Quantidade Fases Monofásico Duplo Rebolo 6 X 3/4 X 5/8 Pol Potência Motor 1/2POL Velocidade 3.400M3/H
59,59,25,25,25,564730,Moto-Esmeril Potência Motor 1/2POL Velocidade 3.400M3/H Tensão Alimentação 110/220V Quantidade Fases Monofásico Duplo Rebolo 6 X 3/4 X 5/8 Pol,Moto-Esmeril Tensão Alimentação 110/220V Quantidade Fases Monofásico Duplo Rebolo 6 X 3/4 X 5/8 Pol Potência Motor 1/2POL Velocidade 3.400M3/H
60,60,28,28,28,600923,"Disco Liga Mista Metais Liga Astm 260 Espessura 14,40KB/S Aplicação Munição Naval / Artilharia Diâmetro 165,20MM","Disco Liga Mista Metais Espessura 14,40KB/S Liga Astm 260 Aplicação Munição Naval / Artilharia Diâmetro 165,20MM"
61,61,28,28,28,600923,"Disco Liga Mista Metais Liga Astm 260 Espessura 14,40KB/S Aplicação Munição Naval / Artilharia Diâmetro 165,20MM","Disco Liga Mista Metais Espessura 14,40KB/S Liga Astm 260 Aplicação Munição Naval / Artilharia Diâmetro 165,20MM"
62,62,28,28,28,600923,"Disco Liga Mista Metais Liga Astm 260 Espessura 14,40KB/S Aplicação Munição Naval / Artilharia Diâmetro 165,20MM","Disco Liga Mista Metais Espessura 14,40KB/S Liga Astm 260 Aplicação Munição Naval / Artilharia Diâmetro 165,20MM"
63,63,29,29,29,600923,"Disco Liga Mista Metais Liga Astm 260 Espessura 14,40KB/S Aplicação Munição Naval / Artilharia Diâmetro 165,20MM","Disco Liga Mista Metais Espessura 14,40KB/S Liga Astm 260 Aplicação Munição Naval / Artilharia Diâmetro 165,20MM"
64,64,30,30,30,634100,Filtro Óleo Referência Fabril Psl 301 Aplicação Veículo Micro Onibus Mercedes Bens,Referência Fabril Psl 301 Filtro Óleo Aplicação Veículo Micro Onibus Mercedes Bens
65,65,30,30,30,634100,Filtro Óleo Referência Fabril Psl 301 Aplicação Veículo Micro Onibus Mercedes Bens,Referência Fabril Psl 301 Filtro Óleo Aplicação Veículo Micro Onibus Mercedes Bens
66,66,30,30,30,634100,Filtro Óleo Referência Fabril Psl 301 Aplicação Veículo Micro Onibus Mercedes Bens,Referência Fabril Psl 301 Filtro Óleo Aplicação Veículo Micro Onibus Mercedes Bens
67,67,31,31,31,634100,Filtro Óleo Referência Fabril Psl 301 Aplicação Veículo Micro Onibus Mercedes Bens,Referência Fabril Psl 301 Filtro Óleo Aplicação Veículo Micro Onibus Mercedes Bens
68,68,32,32,32,665380,"Barreira Contenção / Absorvente Polipropileno Tipo Cordão Comprimento 1,20M Cor Verde Capacidade 3UN Largura 6MM Aplicação Isolamento Líquidos Abravisos","Barreira Contenção / Absorvente Cor Verde Comprimento 1,20M Capacidade 3UN Polipropileno Tipo Cordão Largura 6MM A Prova D'Água E Corrosão Aplicação Isolamento Líquidos Abravisos"
69,69,32,32,32,665380,"Barreira Contenção / Absorvente Polipropileno Tipo Cordão Comprimento 1,20M Cor Verde Capacidade 3UN Largura 6MM Aplicação Isolamento Líquidos Abravisos","Barreira Contenção / Absorvente Cor Verde Comprimento 1,20M Capacidade 3UN Polipropileno Tipo Cordão Largura 6MM A Prova D'Água E Corrosão Aplicação Isolamento Líquidos Abravisos"
70,70,32,32,32,665380,"Barreira Contenção / Absorvente Polipropileno Tipo Cordão Comprimento 1,20M Cor Verde Capacidade 3UN Largura 6MM Aplicação Isolamento Líquidos Abravisos","Barreira Contenção / Absorvente Cor Verde Comprimento 1,20M Capacidade 3UN Polipropileno Tipo Cordão Largura 6MM A Prova D'Água E Corrosão Aplicação Isolamento Líquidos Abravisos"
71,71,33,33,33,665380,"Barreira Contenção / Absorvente Polipropileno Tipo Cordão Comprimento 1,20M Cor Verde Capacidade 3UN Largura 6MM Aplicação Isolamento Líquidos Abravisos","Barreira Contenção / Absorvente Cor Verde Comprimento 1,20M Capacidade 3UN Polipropileno Tipo Cordão Largura 6MM A Prova D'Água E Corrosão Aplicação Isolamento Líquidos Abravisos"
72,72,34,34,34,667000,Equipamento / Acessório - Apicultura Aplicação Atividades Apícolas Tipo Laminador De Cera Aço Inóx Aisi 304 Dimensões 0.60 X 0.25 X 0.75CM Voltagem 220V Controle De Temperatura Automático,Equipamento / Acessório - Apicultura Tipo Laminador De Cera Aço Inóx Aisi 304 Dimensões 0.60 X 0.25 X 0.75CM Voltagem 220V Aplicação Atividades Apícolas Controle De Temperatura Automático
73,73,34,34,34,667000,Equipamento / Acessório - Apicultura Aplicação Atividades Apícolas Tipo Laminador De Cera Aço Inóx Aisi 304 Dimensões 0.60 X 0.25 X 0.75CM Voltagem 220V Controle De Temperatura Automático,Equipamento / Acessório - Apicultura Tipo Laminador De Cera Aço Inóx Aisi 304 Dimensões 0.60 X 0.25 X 0.75CM Voltagem 220V Aplicação Atividades Apícolas Controle De Temperatura Automático
74,74,34,34,34,667000,Equipamento / Acessório - Apicultura Aplicação Atividades Apícolas Tipo Laminador De Cera Aço Inóx Aisi 304 Dimensões 0.60 X 0.25 X 0.75CM Voltagem 220V Controle De Temperatura Automático,Equipamento / Acessório - Apicultura Tipo Laminador De Cera Aço Inóx Aisi 304 Dimensões 0.60 X 0.25 X 0.75CM Voltagem 220V Aplicação Atividades Apícolas Controle De Temperatura Automático
75,75,35,35,35,667000,Equipamento / Acessório - Apicultura Aplicação Atividades Apícolas Tipo Laminador De Cera Aço Inóx Aisi 304 Dimensões 0.60 X 0.25 X 0.75CM Voltagem 220V Controle De Temperatura Automático,Equipamento / Acessório - Apicultura Tipo Laminador De Cera Aço Inóx Aisi 304 Dimensões 0.60 X 0.25 X 0.75CM Voltagem 220V Aplicação Atividades Apícolas Controle De Temperatura Automático
76,76,36,36,36,676173,Óleo Combustível Viscosidade 960 Mm2/S Tipo Ocb2 Teor Enxofre Máximo De 1% Massa De Enxofre,Óleo Combustível Tipo Ocb2 Viscosidade 960 Mm2/S Teor Enxofre Máximo De 1% Massa De Enxofre
77,77,36,36,36,676173,Óleo Combustível Viscosidade 960 Mm2/S Tipo Ocb2 Teor Enxofre Máximo De 1% Massa De Enxofre,Óleo Combustível Tipo Ocb2 Viscosidade 960 Mm2/S Teor Enxofre Máximo De 1% Massa De Enxofre
78,78,36,36,36,676173,Óleo Combustível Viscosidade 960 Mm2/S Tipo Ocb2 Teor Enxofre Máximo De 1% Massa De Enxofre,Óleo Combustível Tipo Ocb2 Viscosidade 960 Mm2/S Teor Enxofre Máximo De 1% Massa De Enxofre
79,79,37,37,37,676173,Óleo Combustível Viscosidade 960 Mm2/S Tipo Ocb2 Teor Enxofre Máximo De 1% Massa De Enxofre,Óleo Combustível Tipo Ocb2 Viscosidade 960 Mm2/S Teor Enxofre Máximo De 1% Massa De Enxofre
80,80,40,40,40,475691,Adubo Animal Húmus De Minhoca Apresentação Orgânico Decomposto,Orgânico Decomposto Apresentação Húmus De Minhoca Adubo Animal
81,81,40,40,40,475691,Adubo Animal Húmus De Minhoca Apresentação Orgânico Decomposto,Orgânico Decomposto Apresentação Húmus De Minhoca Adubo Animal
82,82,40,40,40,475691,Adubo Animal Húmus De Minhoca Apresentação Orgânico Decomposto,Orgânico Decomposto Apresentação Húmus De Minhoca Adubo Animal
83,83,41,41,41,475691,Adubo Animal Húmus De Minhoca Apresentação Orgânico Decomposto,Orgânico Decomposto Apresentação Húmus De Minhoca Adubo Animal
84,84,42,42,42,504231,Bandeira Sinalização Polipropileno Tipo Experimentos Em Campo Formato Quadrado Cor Vermelha Comprimento 10CM Largura 9MM Com Haste De Fibra De Vidro,Sinalização Bandeira Polipropileno Tipo Formato Quadrado Cor Vermelha Comprimento 10CM Largura 9MM Com Haste De Fibra De Vidro Para Experimentos Em Campo
85,85,42,42,42,504231,Bandeira Sinalização Polipropileno Tipo Experimentos Em Campo Formato Quadrado Cor Vermelha Comprimento 10CM Largura 9MM Com Haste De Fibra De Vidro,Sinalização Bandeira Polipropileno Tipo Formato Quadrado Cor Vermelha Comprimento 10CM Largura 9MM Com Haste De Fibra De Vidro Para Experimentos Em Campo
86,86,42,42,42,504231,Bandeira Sinalização Polipropileno Tipo Experimentos Em Campo Formato Quadrado Cor Vermelha Comprimento 10CM Largura 9MM Com Haste De Fibra De Vidro,Sinalização Bandeira Polipropileno Tipo Formato Quadrado Cor Vermelha Comprimento 10CM Largura 9MM Com Haste De Fibra De Vidro Para Experimentos Em Campo
87,87,43,43,43,504231,Bandeira Sinalização Polipropileno Tipo Experimentos Em Campo Formato Quadrado Cor Vermelha Comprimento 10CM Largura 9MM Com Haste De Fibra De Vidro,Sinalização Bandeira Polipropileno Tipo Formato Quadrado Cor Vermelha Comprimento 10CM Largura 9MM Com Haste De Fibra De Vidro Para Experimentos Em Campo
88,88,44,44,44,450471,"Escrivaninha Madeira Mdf Revestimento Recouro Padrão Acabamento Laca Altura 75 Largura 2,20M Profundidade 70MIN","Madeira MDF Revestimento Padrão Recouro Acabamento Laca Altura 75 Largura 2,20M Profundidade 70MIN Escrivaninha"
89,89,44,44,44,450471,"Escrivaninha Madeira Mdf Revestimento Recouro Padrão Acabamento Laca Altura 75 Largura 2,20M Profundidade 70MIN","Madeira MDF Revestimento Padrão Recouro Acabamento Laca Altura 75 Largura 2,20M Profundidade 70MIN Escrivaninha"
90,90,44,44,44,450471,"Escrivaninha Madeira Mdf Revestimento Recouro Padrão Acabamento Laca Altura 75 Largura 2,20M Profundidade 70MIN","Madeira MDF Revestimento Padrão Recouro Acabamento Laca Altura 75 Largura 2,20M Profundidade 70MIN Escrivaninha"
91,91,45,45,45,450471,"Escrivaninha Madeira Mdf Revestimento Recouro Padrão Acabamento Laca Altura 75 Largura 2,20M Profundidade 70MIN","Madeira MDF Revestimento Padrão Recouro Acabamento Laca Altura 75 Largura 2,20M Profundidade 70MIN Escrivaninha"
92,92,46,46,46,589564,"Terminal Bateria Tipo Positivo Aplicação Vbco Ap M109 A3/A5 Referência 5940-00-549-6581, P/N Ms75004-1,Manual Tm9-2350-31 Metal","Tipo Positivo Terminal Bateria Aplicação VBCO AP M109 A3/A5 Referência 5940-00-549-6581, P/N MS75004-1,Manual TM9-2350-31 Metal"
93,93,46,46,46,589564,"Terminal Bateria Tipo Positivo Aplicação Vbco Ap M109 A3/A5 Referência 5940-00-549-6581, P/N Ms75004-1,Manual Tm9-2350-31 Metal","Tipo Positivo Terminal Bateria Aplicação VBCO AP M109 A3/A5 Referência 5940-00-549-6581, P/N MS75004-1,Manual TM9-2350-31 Metal"
94,94,46,46,46,589564,"Terminal Bateria Tipo Positivo Aplicação Vbco Ap M109 A3/A5 Referência 5940-00-549-6581, P/N Ms75004-1,Manual Tm9-2350-31 Metal","Tipo Positivo Terminal Bateria Aplicação VBCO AP M109 A3/A5 Referência 5940-00-549-6581, P/N MS75004-1,Manual TM9-2350-31 Metal"
95,95,47,47,47,589564,"Terminal Bateria Tipo Positivo Aplicação Vbco Ap M109 A3/A5 Referência 5940-00-549-6581, P/N Ms75004-1,Manual Tm9-2350-31 Metal","Tipo Positivo Terminal Bateria Aplicação VBCO AP M109 A3/A5 Referência 5940-00-549-6581, P/N MS75004-1,Manual TM9-2350-31 Metal"
96,96,48,48,48,491953,Acessório/Componente Elétrico Eletrônico Tipo Suporte Conico Duplo Plástico Dielétrico De Alta Resistência Aplicação Ancoragem De Cabos Ópticos E Cabo Flat Drop Tipo Fixação Braçadeira Bap Dimensões Da Roldana:  40 X 20 X 10 Mm,Acessório/Componente Elétrico  Duplo Plástico Dielétrico De Alta Resistência Eletrônico Tipo Suporte Conico Aplicação Ancoragem De Cabo Flat Drop e Cabos Ópticos Tipo Fixação Braçadeira Bap Dimensões Da Roldana:  40 X 20 X 10 Mm
97,97,48,48,48,491953,Acessório/Componente Elétrico Eletrônico Tipo Suporte Conico Duplo Plástico Dielétrico De Alta Resistência Aplicação Ancoragem De Cabos Ópticos E Cabo Flat Drop Tipo Fixação Braçadeira Bap Dimensões Da Roldana:  40 X 20 X 10 Mm,Acessório/Componente Elétrico  Duplo Plástico Dielétrico De Alta Resistência Eletrônico Tipo Suporte Conico Aplicação Ancoragem De Cabo Flat Drop e Cabos Ópticos Tipo Fixação Braçadeira Bap Dimensões Da Roldana:  40 X 20 X 10 Mm
98,98,48,48,48,491953,Acessório/Componente Elétrico Eletrônico Tipo Suporte Conico Duplo Plástico Dielétrico De Alta Resistência Aplicação Ancoragem De Cabos Ópticos E Cabo Flat Drop Tipo Fixação Braçadeira Bap Dimensões Da Roldana:  40 X 20 X 10 Mm,Acessório/Componente Elétrico  Duplo Plástico Dielétrico De Alta Resistência Eletrônico Tipo Suporte Conico Aplicação Ancoragem De Cabo Flat Drop e Cabos Ópticos Tipo Fixação Braçadeira Bap Dimensões Da Roldana:  40 X 20 X 10 Mm
99,99,49,49,49,491953,Acessório/Componente Elétrico Eletrônico Tipo Suporte Conico Duplo Plástico Dielétrico De Alta Resistência Aplicação Ancoragem De Cabos Ópticos E Cabo Flat Drop Tipo Fixação Braçadeira Bap Dimensões Da Roldana:  40 X 20 X 10 Mm,Acessório/Componente Elétrico  Duplo Plástico Dielétrico De Alta Resistência Eletrônico Tipo Suporte Conico Aplicação Ancoragem De Cabo Flat Drop e Cabos Ópticos Tipo Fixação Braçadeira Bap Dimensões Da Roldana:  40 X 20 X 10 Mm
100,100,50,50,50,488222,Detector Metais Formato Raquete Tensão Alimentação 9MM Plástico Abs,Detector Metais Formato Raquete Plástico Abs Tensão Alimentação 9MM
101,101,50,50,50,488222,Detector Metais Formato Raquete Tensão Alimentação 9MM Plástico Abs,Detector Metais Formato Raquete Plástico Abs Tensão Alimentação 9MM
102,102,50,50,50,488222,Detector Metais Formato Raquete Tensão Alimentação 9MM Plástico Abs,Detector Metais Formato Raquete Plástico Abs Tensão Alimentação 9MM
103,103,51,51,51,488222,Detector Metais Formato Raquete Tensão Alimentação 9MM Plástico Abs,Detector Metais Formato Raquete Plástico Abs Tensão Alimentação 9MM
104,104,52,52,52,441718,"Tubo Porta-Documento Papelão Kraft Diâmetro Interno 4,50CM Comprimento 34POL Aplicação Acondicionar Plantas, Documentos, Mapas, Cartazes Tampa De Encaixe Por Pressão, Frisos Dourados","Tubo Porta-Documento Diâmetro Interno 4,50CM Comprimento 34POL Papelão Kraft Aplicação Acondicionar, Documentos, Mapas, Plantas, Cartazes Frisos Dourados, Tampa De Encaixe Por Pressão"
105,105,52,52,52,441718,"Tubo Porta-Documento Papelão Kraft Diâmetro Interno 4,50CM Comprimento 34POL Aplicação Acondicionar Plantas, Documentos, Mapas, Cartazes Tampa De Encaixe Por Pressão, Frisos Dourados","Tubo Porta-Documento Diâmetro Interno 4,50CM Comprimento 34POL Papelão Kraft Aplicação Acondicionar, Documentos, Mapas, Plantas, Cartazes Frisos Dourados, Tampa De Encaixe Por Pressão"
106,106,52,52,52,441718,"Tubo Porta-Documento Papelão Kraft Diâmetro Interno 4,50CM Comprimento 34POL Aplicação Acondicionar Plantas, Documentos, Mapas, Cartazes Tampa De Encaixe Por Pressão, Frisos Dourados","Tubo Porta-Documento Diâmetro Interno 4,50CM Comprimento 34POL Papelão Kraft Aplicação Acondicionar, Documentos, Mapas, Plantas, Cartazes Frisos Dourados, Tampa De Encaixe Por Pressão"
107,107,53,53,53,441718,"Tubo Porta-Documento Papelão Kraft Diâmetro Interno 4,50CM Comprimento 34POL Aplicação Acondicionar Plantas, Documentos, Mapas, Cartazes Tampa De Encaixe Por Pressão, Frisos Dourados","Tubo Porta-Documento Diâmetro Interno 4,50CM Comprimento 34POL Papelão Kraft Aplicação Acondicionar, Documentos, Mapas, Plantas, Cartazes Frisos Dourados, Tampa De Encaixe Por Pressão"
108,108,54,54,54,476607,"Despolpadeira Frutas Aço Inoxidável Escova Alumínio Comprimento 68,50MM Largura 81,50MM Altura 22AWG Capacidade Produção 60MM Voltagem 220V","Despolpadeira Frutas Escova Alumínio Largura 81,50MM Comprimento 68,50MM  Capacidade Produção 60MM Voltagem 220V Altura 22AWG Aço Inoxidável"
109,109,54,54,54,476607,"Despolpadeira Frutas Aço Inoxidável Escova Alumínio Comprimento 68,50MM Largura 81,50MM Altura 22AWG Capacidade Produção 60MM Voltagem 220V","Despolpadeira Frutas Escova Alumínio Largura 81,50MM Comprimento 68,50MM  Capacidade Produção 60MM Voltagem 220V Altura 22AWG Aço Inoxidável"
110,110,54,54,54,476607,"Despolpadeira Frutas Aço Inoxidável Escova Alumínio Comprimento 68,50MM Largura 81,50MM Altura 22AWG Capacidade Produção 60MM Voltagem 220V","Despolpadeira Frutas Escova Alumínio Largura 81,50MM Comprimento 68,50MM  Capacidade Produção 60MM Voltagem 220V Altura 22AWG Aço Inoxidável"
111,111,55,55,55,476607,"Despolpadeira Frutas Aço Inoxidável Escova Alumínio Comprimento 68,50MM Largura 81,50MM Altura 22AWG Capacidade Produção 60MM Voltagem 220V","Despolpadeira Frutas Escova Alumínio Largura 81,50MM Comprimento 68,50MM  Capacidade Produção 60MM Voltagem 220V Altura 22AWG Aço Inoxidável"
112,112,56,56,56,447780,Lâmina Limpeza Máquina Copiadora Plástico Aplicação Impressora Igen3 Xerox Referência 035k08600,Máquina Copiadora Lâmina Limpeza Plástico Aplicação Referência 035k08600 Impressora Igen3 Xerox
113,113,56,56,56,447780,Lâmina Limpeza Máquina Copiadora Plástico Aplicação Impressora Igen3 Xerox Referência 035k08600,Máquina Copiadora Lâmina Limpeza Plástico Aplicação Referência 035k08600 Impressora Igen3 Xerox
114,114,56,56,56,447780,Lâmina Limpeza Máquina Copiadora Plástico Aplicação Impressora Igen3 Xerox Referência 035k08600,Máquina Copiadora Lâmina Limpeza Plástico Aplicação Referência 035k08600 Impressora Igen3 Xerox
115,115,57,57,57,447780,Lâmina Limpeza Máquina Copiadora Plástico Aplicação Impressora Igen3 Xerox Referência 035k08600,Máquina Copiadora Lâmina Limpeza Plástico Aplicação Referência 035k08600 Impressora Igen3 Xerox
116,116,58,58,58,559998,Mangueira Radiador Veículo Automotivo Tipo Superior Referência 2to/121101 Aplicação Veículo Volkswagen Worker 15.210 4x4 Diesel,Mangueira Radiador  Tipo Superior Referência 2to/121101 Veículo Automotivo Aplicação Worker 15.210 4x4 Diesel Veículo Volkswagen
117,117,58,58,58,559998,Mangueira Radiador Veículo Automotivo Tipo Superior Referência 2to/121101 Aplicação Veículo Volkswagen Worker 15.210 4x4 Diesel,Mangueira Radiador  Tipo Superior Referência 2to/121101 Veículo Automotivo Aplicação Worker 15.210 4x4 Diesel Veículo Volkswagen
118,118,58,58,58,559998,Mangueira Radiador Veículo Automotivo Tipo Superior Referência 2to/121101 Aplicação Veículo Volkswagen Worker 15.210 4x4 Diesel,Mangueira Radiador  Tipo Superior Referência 2to/121101 Veículo Automotivo Aplicação Worker 15.210 4x4 Diesel Veículo Volkswagen
119,119,59,59,59,559998,Mangueira Radiador Veículo Automotivo Tipo Superior Referência 2to/121101 Aplicação Veículo Volkswagen Worker 15.210 4x4 Diesel,Mangueira Radiador  Tipo Superior Referência 2to/121101 Veículo Automotivo Aplicação Worker 15.210 4x4 Diesel Veículo Volkswagen
120,120,60,60,60,523704,Chumbo Aspecto Físico Sólido Apresentação Barra Aplicação Ontrapeso Para Balanceamento De Rodas 5 Gramas; Encaixe: Garra,Barra Aplicação Ontrapeso Para Balanceamento De Rodas Apresentação Chumbo Aspecto Físico Sólido Encaixe: Garra 5 Gramas
121,121,60,60,60,523704,Chumbo Aspecto Físico Sólido Apresentação Barra Aplicação Ontrapeso Para Balanceamento De Rodas 5 Gramas; Encaixe: Garra,Barra Aplicação Ontrapeso Para Balanceamento De Rodas Apresentação Chumbo Aspecto Físico Sólido Encaixe: Garra 5 Gramas
122,122,60,60,60,523704,Chumbo Aspecto Físico Sólido Apresentação Barra Aplicação Ontrapeso Para Balanceamento De Rodas 5 Gramas; Encaixe: Garra,Barra Aplicação Ontrapeso Para Balanceamento De Rodas Apresentação Chumbo Aspecto Físico Sólido Encaixe: Garra 5 Gramas
123,123,61,61,61,523704,Chumbo Aspecto Físico Sólido Apresentação Barra Aplicação Ontrapeso Para Balanceamento De Rodas 5 Gramas; Encaixe: Garra,Barra Aplicação Ontrapeso Para Balanceamento De Rodas Apresentação Chumbo Aspecto Físico Sólido Encaixe: Garra 5 Gramas
124,124,62,62,62,453791,Bisturi Descartável Cabo Cabo De Plástico Lâmina Lâmina Aço Inoxidável Tamanho Lâmina 20AWG Esterilidade Estéril Sistema De Segurança Segundo Nr/32,Bisturi Descartável Cabo Lâmina Cabo De Plástico  Lâmina Aço Inoxidável Esterilidade Estéril Tamanho Lâmina 20AWG  Segundo Nr/32 Sistema De Segurança
125,125,62,62,62,453791,Bisturi Descartável Cabo Cabo De Plástico Lâmina Lâmina Aço Inoxidável Tamanho Lâmina 20AWG Esterilidade Estéril Sistema De Segurança Segundo Nr/32,Bisturi Descartável Cabo Lâmina Cabo De Plástico  Lâmina Aço Inoxidável Esterilidade Estéril Tamanho Lâmina 20AWG  Segundo Nr/32 Sistema De Segurança
126,126,62,62,62,453791,Bisturi Descartável Cabo Cabo De Plástico Lâmina Lâmina Aço Inoxidável Tamanho Lâmina 20AWG Esterilidade Estéril Sistema De Segurança Segundo Nr/32,Bisturi Descartável Cabo Lâmina Cabo De Plástico  Lâmina Aço Inoxidável Esterilidade Estéril Tamanho Lâmina 20AWG  Segundo Nr/32 Sistema De Segurança
127,127,63,63,63,453791,Bisturi Descartável Cabo Cabo De Plástico Lâmina Lâmina Aço Inoxidável Tamanho Lâmina 20AWG Esterilidade Estéril Sistema De Segurança Segundo Nr/32,Bisturi Descartável Cabo Lâmina Cabo De Plástico  Lâmina Aço Inoxidável Esterilidade Estéril Tamanho Lâmina 20AWG  Segundo Nr/32 Sistema De Segurança
128,128,64,64,64,605152,Polvaroma Apresentação Pó Amrelado Sabor Laranja Aplicação Fabricação De Medicamento De Uso Humano,Apresentação Aplicação Fabricação  De Medicamento De Uso Humano Pó Amrelado Sabor Laranja Polvaroma
129,129,64,64,64,605152,Polvaroma Apresentação Pó Amrelado Sabor Laranja Aplicação Fabricação De Medicamento De Uso Humano,Apresentação Aplicação Fabricação  De Medicamento De Uso Humano Pó Amrelado Sabor Laranja Polvaroma
130,130,64,64,64,605152,Polvaroma Apresentação Pó Amrelado Sabor Laranja Aplicação Fabricação De Medicamento De Uso Humano,Apresentação Aplicação Fabricação  De Medicamento De Uso Humano Pó Amrelado Sabor Laranja Polvaroma
131,131,65,65,65,605152,Polvaroma Apresentação Pó Amrelado Sabor Laranja Aplicação Fabricação De Medicamento De Uso Humano,Apresentação Aplicação Fabricação  De Medicamento De Uso Humano Pó Amrelado Sabor Laranja Polvaroma
132,132,66,66,66,502366,Tenda Inflável Rip Stop-250 Tratamento Superficial Impermeabilizado Tensão BivoltV Acessórios Tela De Nylon Aplicação Eventos Diversos E Sinalização Conforme Modelo Comprimento 1UN Largura 6MM Altura 4MG,Rip Stop-250 Tratamento Superficial Impermeabilizado Tenda Inflável Tensão BivoltV Acessórios Tela De Nylon Aplicação Sinalização E Eventos Diversos Largura 6MM Altura 4MG Conforme Modelo Comprimento 1UN
133,133,66,66,66,502366,Tenda Inflável Rip Stop-250 Tratamento Superficial Impermeabilizado Tensão BivoltV Acessórios Tela De Nylon Aplicação Eventos Diversos E Sinalização Conforme Modelo Comprimento 1UN Largura 6MM Altura 4MG,Rip Stop-250 Tratamento Superficial Impermeabilizado Tenda Inflável Tensão BivoltV Acessórios Tela De Nylon Aplicação Sinalização E Eventos Diversos Largura 6MM Altura 4MG Conforme Modelo Comprimento 1UN
134,134,66,66,66,502366,Tenda Inflável Rip Stop-250 Tratamento Superficial Impermeabilizado Tensão BivoltV Acessórios Tela De Nylon Aplicação Eventos Diversos E Sinalização Conforme Modelo Comprimento 1UN Largura 6MM Altura 4MG,Rip Stop-250 Tratamento Superficial Impermeabilizado Tenda Inflável Tensão BivoltV Acessórios Tela De Nylon Aplicação Sinalização E Eventos Diversos Largura 6MM Altura 4MG Conforme Modelo Comprimento 1UN
135,135,67,67,67,502366,Tenda Inflável Rip Stop-250 Tratamento Superficial Impermeabilizado Tensão BivoltV Acessórios Tela De Nylon Aplicação Eventos Diversos E Sinalização Conforme Modelo Comprimento 1UN Largura 6MM Altura 4MG,Rip Stop-250 Tratamento Superficial Impermeabilizado Tenda Inflável Tensão BivoltV Acessórios Tela De Nylon Aplicação Sinalização E Eventos Diversos Largura 6MM Altura 4MG Conforme Modelo Comprimento 1UN
136,136,68,68,68,464056,"Baú Ferramentas Chapa Aço Acabamento Superficial Pintura Eletrostática Cor Azul Comprimento 500UI Largura 160MM Altura 185CM Peso 2,80M/MIN Com Bandeja E Lingueta Para Cadeado","Chapa Aço Acabamento Superficial Pintura Eletrostática Baú Ferramentas Altura 185CM Largura 160MM  Cor Azul Comprimento 500UI Peso 2,80M/MIN Lingueta Para Cadeado E Com Bandeja"
137,137,68,68,68,464056,"Baú Ferramentas Chapa Aço Acabamento Superficial Pintura Eletrostática Cor Azul Comprimento 500UI Largura 160MM Altura 185CM Peso 2,80M/MIN Com Bandeja E Lingueta Para Cadeado","Chapa Aço Acabamento Superficial Pintura Eletrostática Baú Ferramentas Altura 185CM Largura 160MM  Cor Azul Comprimento 500UI Peso 2,80M/MIN Lingueta Para Cadeado E Com Bandeja"
138,138,68,68,68,464056,"Baú Ferramentas Chapa Aço Acabamento Superficial Pintura Eletrostática Cor Azul Comprimento 500UI Largura 160MM Altura 185CM Peso 2,80M/MIN Com Bandeja E Lingueta Para Cadeado","Chapa Aço Acabamento Superficial Pintura Eletrostática Baú Ferramentas Altura 185CM Largura 160MM  Cor Azul Comprimento 500UI Peso 2,80M/MIN Lingueta Para Cadeado E Com Bandeja"
139,139,69,69,69,464056,"Baú Ferramentas Chapa Aço Acabamento Superficial Pintura Eletrostática Cor Azul Comprimento 500UI Largura 160MM Altura 185CM Peso 2,80M/MIN Com Bandeja E Lingueta Para Cadeado","Chapa Aço Acabamento Superficial Pintura Eletrostática Baú Ferramentas Altura 185CM Largura 160MM  Cor Azul Comprimento 500UI Peso 2,80M/MIN Lingueta Para Cadeado E Com Bandeja"
140,140,70,70,70,534511,"Calibrador Radiação Voltagem 100/240V Frequência 50/60HZ Aplicação Medição De Radioatividade De Radiofármacos Resolução De 0,1 Microcurie","Calibrador Radiação Frequência 50/60HZ Voltagem 100/240V Medição De Radioatividade De Radiofármacos Aplicação Resolução De 0,1 Microcurie Adicionais"
141,141,70,70,70,534511,"Calibrador Radiação Voltagem 100/240V Frequência 50/60HZ Aplicação Medição De Radioatividade De Radiofármacos Resolução De 0,1 Microcurie","Calibrador Radiação Frequência 50/60HZ Voltagem 100/240V Medição De Radioatividade De Radiofármacos Aplicação Resolução De 0,1 Microcurie Adicionais"
142,142,70,70,70,534511,"Calibrador Radiação Voltagem 100/240V Frequência 50/60HZ Aplicação Medição De Radioatividade De Radiofármacos Resolução De 0,1 Microcurie","Calibrador Radiação Frequência 50/60HZ Voltagem 100/240V Medição De Radioatividade De Radiofármacos Aplicação Resolução De 0,1 Microcurie Adicionais"
143,143,71,71,71,534511,"Calibrador Radiação Voltagem 100/240V Frequência 50/60HZ Aplicação Medição De Radioatividade De Radiofármacos Resolução De 0,1 Microcurie","Calibrador Radiação Frequência 50/60HZ Voltagem 100/240V Medição De Radioatividade De Radiofármacos Aplicação Resolução De 0,1 Microcurie Adicionais"
144,144,72,72,72,470434,Forro Gesso Sulfato De Cálcio Apresentação Gesso Acartonado Aplicação Teto Ambiente Comercial Acabamento Superficial Natural Comprimento 1.243MM Largura 618MM Espessura 8MB,Forro Gesso Apresentação Gesso Acartonado Sulfato De Cálcio  Aplicação Superficial Natural Teto Ambiente Comercial Acabamento Largura 618MM  Espessura 8MB Comprimento 1.243MM
145,145,72,72,72,470434,Forro Gesso Sulfato De Cálcio Apresentação Gesso Acartonado Aplicação Teto Ambiente Comercial Acabamento Superficial Natural Comprimento 1.243MM Largura 618MM Espessura 8MB,Forro Gesso Apresentação Gesso Acartonado Sulfato De Cálcio  Aplicação Superficial Natural Teto Ambiente Comercial Acabamento Largura 618MM  Espessura 8MB Comprimento 1.243MM
146,146,72,72,72,470434,Forro Gesso Sulfato De Cálcio Apresentação Gesso Acartonado Aplicação Teto Ambiente Comercial Acabamento Superficial Natural Comprimento 1.243MM Largura 618MM Espessura 8MB,Forro Gesso Apresentação Gesso Acartonado Sulfato De Cálcio  Aplicação Superficial Natural Teto Ambiente Comercial Acabamento Largura 618MM  Espessura 8MB Comprimento 1.243MM
147,147,73,73,73,470434,Forro Gesso Sulfato De Cálcio Apresentação Gesso Acartonado Aplicação Teto Ambiente Comercial Acabamento Superficial Natural Comprimento 1.243MM Largura 618MM Espessura 8MB,Forro Gesso Apresentação Gesso Acartonado Sulfato De Cálcio  Aplicação Superficial Natural Teto Ambiente Comercial Acabamento Largura 618MM  Espessura 8MB Comprimento 1.243MM
148,148,74,74,74,548117,Gás Refrigeração Tipo R 22 Aplicação Câmara De Congelamento -18°C,Câmara Aplicação De Congelamento -18°C Gás Refrigeração Tipo R 22
149,149,74,74,74,548117,Gás Refrigeração Tipo R 22 Aplicação Câmara De Congelamento -18°C,Câmara Aplicação De Congelamento -18°C Gás Refrigeração Tipo R 22
150,150,74,74,74,548117,Gás Refrigeração Tipo R 22 Aplicação Câmara De Congelamento -18°C,Câmara Aplicação De Congelamento -18°C Gás Refrigeração Tipo R 22
151,151,75,75,75,548117,Gás Refrigeração Tipo R 22 Aplicação Câmara De Congelamento -18°C,Câmara Aplicação De Congelamento -18°C Gás Refrigeração Tipo R 22
152,152,76,76,76,498949,Anodo Matéria-Prima Cádmio,Anodo Cádmio Matéria-Prima
153,153,76,76,76,498949,Anodo Matéria-Prima Cádmio,Anodo Cádmio Matéria-Prima
154,154,76,76,76,498949,Anodo Matéria-Prima Cádmio,Anodo Cádmio Matéria-Prima
155,155,77,77,77,498949,Anodo Matéria-Prima Cádmio,Anodo Cádmio Matéria-Prima
156,156,78,78,78,453938,Tira Reagente Papel Aplicação Quantitativo De Cloro Até 200 Ppm,Tira Reagente Papel Aplicação Quantitativo De Cloro Até 200 Ppm
157,157,78,78,78,453938,Tira Reagente Papel Aplicação Quantitativo De Cloro Até 200 Ppm,Tira Reagente Papel Aplicação Quantitativo De Cloro Até 200 Ppm
158,158,78,78,78,453938,Tira Reagente Papel Aplicação Quantitativo De Cloro Até 200 Ppm,Tira Reagente Papel Aplicação Quantitativo De Cloro Até 200 Ppm
159,159,79,79,79,453938,Tira Reagente Papel Aplicação Quantitativo De Cloro Até 200 Ppm,Tira Reagente Papel Aplicação Quantitativo De Cloro Até 200 Ppm
160,160,80,80,80,445275,Disquete Tamanho 3 1/2POL Capacidade 1.44MB Taxa Densidade 2 Hd,Tamanho 3 1/2POL Taxa Densidade 2 Hd Disquete Capacidade 1.44MB
161,161,80,80,80,445275,Disquete Tamanho 3 1/2POL Capacidade 1.44MB Taxa Densidade 2 Hd,Tamanho 3 1/2POL Taxa Densidade 2 Hd Disquete Capacidade 1.44MB
162,162,80,80,80,445275,Disquete Tamanho 3 1/2POL Capacidade 1.44MB Taxa Densidade 2 Hd,Tamanho 3 1/2POL Taxa Densidade 2 Hd Disquete Capacidade 1.44MB
163,163,81,81,81,445275,Disquete Tamanho 3 1/2POL Capacidade 1.44MB Taxa Densidade 2 Hd,Tamanho 3 1/2POL Taxa Densidade 2 Hd Disquete Capacidade 1.44MB
164,164,82,82,82,472940,"""Doce Leite"" Ingredientes Leite Integral/Edulcorantes/Sorbitol/Sucralose Prazo Validade Mínimo 12UN Tipo Cremoso Dietético/Com Registro No Mapa - Sif/Dipoa","Ingredientes """"""Doce Leite"""" Prazo Validade Mínimo 12UN Leite Integral/Sucralose/Sorbitol/Edulcorantes Tipo Cremoso Registro No Mapa - Sif/Dipoa Adicionais Dietético/Com"
165,165,83,83,83,472940,"""Doce Leite"" Ingredientes Leite Integral/Edulcorantes/Sorbitol/Sucralose Prazo Validade Mínimo 12UN Tipo Cremoso Dietético/Com Registro No Mapa - Sif/Dipoa","Ingredientes """"""Doce Leite"""" Prazo Validade Mínimo 12UN Leite Integral/Sucralose/Sorbitol/Edulcorantes Tipo Cremoso Registro No Mapa - Sif/Dipoa Adicionais Dietético/Com"
166,166,83,83,83,472940,"""Doce Leite"" Ingredientes Leite Integral/Edulcorantes/Sorbitol/Sucralose Prazo Validade Mínimo 12UN Tipo Cremoso Dietético/Com Registro No Mapa - Sif/Dipoa","Ingredientes """"""Doce Leite"""" Prazo Validade Mínimo 12UN Leite Integral/Sucralose/Sorbitol/Edulcorantes Tipo Cremoso Registro No Mapa - Sif/Dipoa Adicionais Dietético/Com"
167,167,83,83,83,472940,"""Doce Leite"" Ingredientes Leite Integral/Edulcorantes/Sorbitol/Sucralose Prazo Validade Mínimo 12UN Tipo Cremoso Dietético/Com Registro No Mapa - Sif/Dipoa","Ingredientes """"""Doce Leite"""" Prazo Validade Mínimo 12UN Leite Integral/Sucralose/Sorbitol/Edulcorantes Tipo Cremoso Registro No Mapa - Sif/Dipoa Adicionais Dietético/Com"
168,168,84,84,84,511718,Bujão Óleo Abastecimento Referência 14325311 Aplicação Fiat Doblo Modelo: Atractive Uso Diferencial,Abastecimento Referência 14325311 Bujão Óleo Aplicação Fiat Doblo Modelo: Atractive Uso Diferencial
169,169,85,85,85,511718,Bujão Óleo Abastecimento Referência 14325311 Aplicação Fiat Doblo Modelo: Atractive Uso Diferencial,Abastecimento Referência 14325311 Bujão Óleo Aplicação Fiat Doblo Modelo: Atractive Uso Diferencial
170,170,85,85,85,511718,Bujão Óleo Abastecimento Referência 14325311 Aplicação Fiat Doblo Modelo: Atractive Uso Diferencial,Abastecimento Referência 14325311 Bujão Óleo Aplicação Fiat Doblo Modelo: Atractive Uso Diferencial
171,171,85,85,85,511718,Bujão Óleo Abastecimento Referência 14325311 Aplicação Fiat Doblo Modelo: Atractive Uso Diferencial,Abastecimento Referência 14325311 Bujão Óleo Aplicação Fiat Doblo Modelo: Atractive Uso Diferencial
172,172,86,86,86,546948,Folheto Nao Tecnico Papel Couchê Tipo Flyer Medida 15 X 21CM Tipo Impressão 4/0 Conforme Modelo,Folheto Nao Tecnico  Tipo Impressão 4/0 Tipo Flyer Papel Couchê Medida 15 X 21CM Conforme Modelo
173,173,86,86,86,546948,Folheto Nao Tecnico Papel Couchê Tipo Flyer Medida 15 X 21CM Tipo Impressão 4/0 Conforme Modelo,Folheto Nao Tecnico  Tipo Impressão 4/0 Tipo Flyer Papel Couchê Medida 15 X 21CM Conforme Modelo
174,174,86,86,86,546948,Folheto Nao Tecnico Papel Couchê Tipo Flyer Medida 15 X 21CM Tipo Impressão 4/0 Conforme Modelo,Folheto Nao Tecnico  Tipo Impressão 4/0 Tipo Flyer Papel Couchê Medida 15 X 21CM Conforme Modelo
175,175,87,87,87,546948,Folheto Nao Tecnico Papel Couchê Tipo Flyer Medida 15 X 21CM Tipo Impressão 4/0 Conforme Modelo,Folheto Nao Tecnico  Tipo Impressão 4/0 Tipo Flyer Papel Couchê Medida 15 X 21CM Conforme Modelo
176,176,88,88,88,488412,Tesoura Costura Aço Inoxidável Comprimento 12AWG Tipo Tecelão/Tesourete,Tesoura Costura Tipo Tecelão/Tesourete Aço Inoxidável Comprimento 12AWG
177,177,89,89,89,488412,Tesoura Costura Aço Inoxidável Comprimento 12AWG Tipo Tecelão/Tesourete,Tesoura Costura Tipo Tecelão/Tesourete Aço Inoxidável Comprimento 12AWG
178,178,89,89,89,488412,Tesoura Costura Aço Inoxidável Comprimento 12AWG Tipo Tecelão/Tesourete,Tesoura Costura Tipo Tecelão/Tesourete Aço Inoxidável Comprimento 12AWG
179,179,89,89,89,488412,Tesoura Costura Aço Inoxidável Comprimento 12AWG Tipo Tecelão/Tesourete,Tesoura Costura Tipo Tecelão/Tesourete Aço Inoxidável Comprimento 12AWG
180,180,90,90,90,464497,Óleo Isolante Tipo Base Mineral Naftênico Viscosidade Máxima A 40°C 11CM Viscosidade Máxima A 100ºc 3UN Ponto Fulgor 140MS Ponto Fluidez Mínima -12° C Aplicação Transformador/Equipamento Manobra,Óleo Isolante Viscosidade Máxima A 100ºc 3UN Viscosidade Máxima A 40°C 11CM Ponto Fulgor 140MS Tipo Base Mineral Aplicação Transformador/Equipamento Manobra Naftênico Ponto Fluidez Mínima -12° C
181,181,90,90,90,464497,Óleo Isolante Tipo Base Mineral Naftênico Viscosidade Máxima A 40°C 11CM Viscosidade Máxima A 100ºc 3UN Ponto Fulgor 140MS Ponto Fluidez Mínima -12° C Aplicação Transformador/Equipamento Manobra,Óleo Isolante Viscosidade Máxima A 100ºc 3UN Viscosidade Máxima A 40°C 11CM Ponto Fulgor 140MS Tipo Base Mineral Aplicação Transformador/Equipamento Manobra Naftênico Ponto Fluidez Mínima -12° C
182,182,90,90,90,464497,Óleo Isolante Tipo Base Mineral Naftênico Viscosidade Máxima A 40°C 11CM Viscosidade Máxima A 100ºc 3UN Ponto Fulgor 140MS Ponto Fluidez Mínima -12° C Aplicação Transformador/Equipamento Manobra,Óleo Isolante Viscosidade Máxima A 100ºc 3UN Viscosidade Máxima A 40°C 11CM Ponto Fulgor 140MS Tipo Base Mineral Aplicação Transformador/Equipamento Manobra Naftênico Ponto Fluidez Mínima -12° C
183,183,91,91,91,464497,Óleo Isolante Tipo Base Mineral Naftênico Viscosidade Máxima A 40°C 11CM Viscosidade Máxima A 100ºc 3UN Ponto Fulgor 140MS Ponto Fluidez Mínima -12° C Aplicação Transformador/Equipamento Manobra,Óleo Isolante Viscosidade Máxima A 100ºc 3UN Viscosidade Máxima A 40°C 11CM Ponto Fulgor 140MS Tipo Base Mineral Aplicação Transformador/Equipamento Manobra Naftênico Ponto Fluidez Mínima -12° C
184,184,92,92,92,503633,Balanceadora De Rodas Tipo Balanceamento Estático E Dinâmico Acionamento Motor Tensão Alimentação 220V Precisão 2MG Faixa Larguras Rodas 1 A 20POL Faixa Diâmetros Rodas 12 A 22POL,Balanceadora De Rodas Faixa Diâmetros Rodas 12 A 22POL Faixa Larguras Rodas 1 A 20POL Acionamento Motor Tensão Alimentação 220V Precisão 2MG Tipo Balanceamento Dinâmico E Estático
185,185,92,92,92,503633,Balanceadora De Rodas Tipo Balanceamento Estático E Dinâmico Acionamento Motor Tensão Alimentação 220V Precisão 2MG Faixa Larguras Rodas 1 A 20POL Faixa Diâmetros Rodas 12 A 22POL,Balanceadora De Rodas Faixa Diâmetros Rodas 12 A 22POL Faixa Larguras Rodas 1 A 20POL Acionamento Motor Tensão Alimentação 220V Precisão 2MG Tipo Balanceamento Dinâmico E Estático
186,186,92,92,92,503633,Balanceadora De Rodas Tipo Balanceamento Estático E Dinâmico Acionamento Motor Tensão Alimentação 220V Precisão 2MG Faixa Larguras Rodas 1 A 20POL Faixa Diâmetros Rodas 12 A 22POL,Balanceadora De Rodas Faixa Diâmetros Rodas 12 A 22POL Faixa Larguras Rodas 1 A 20POL Acionamento Motor Tensão Alimentação 220V Precisão 2MG Tipo Balanceamento Dinâmico E Estático
187,187,93,93,93,503633,Balanceadora De Rodas Tipo Balanceamento Estático E Dinâmico Acionamento Motor Tensão Alimentação 220V Precisão 2MG Faixa Larguras Rodas 1 A 20POL Faixa Diâmetros Rodas 12 A 22POL,Balanceadora De Rodas Faixa Diâmetros Rodas 12 A 22POL Faixa Larguras Rodas 1 A 20POL Acionamento Motor Tensão Alimentação 220V Precisão 2MG Tipo Balanceamento Dinâmico E Estático
188,188,94,94,94,503940,Bancada Profissional Aço Carbono E Compensado Naval Comprimento 200V Largura 60MM Altura 92MM Espessura 40X Aplicação Laboratório Tampo Compensado Naval Ou Pinus E Envernizado De 4 Componentes 2 Gavetas Com Cadeado,Bancada Profissional Compensado Naval E Aço Espessura 40X Carbono Largura 60MM Altura 92MM Comprimento 200V Aplicação Laboratório Pinus E Envernizado De 2 Gavetas 4 Componentes Com Cadeado Ou Tampo Compensado Naval
189,189,94,94,94,503940,Bancada Profissional Aço Carbono E Compensado Naval Comprimento 200V Largura 60MM Altura 92MM Espessura 40X Aplicação Laboratório Tampo Compensado Naval Ou Pinus E Envernizado De 4 Componentes 2 Gavetas Com Cadeado,Bancada Profissional Compensado Naval E Aço Espessura 40X Carbono Largura 60MM Altura 92MM Comprimento 200V Aplicação Laboratório Pinus E Envernizado De 2 Gavetas 4 Componentes Com Cadeado Ou Tampo Compensado Naval
190,190,94,94,94,503940,Bancada Profissional Aço Carbono E Compensado Naval Comprimento 200V Largura 60MM Altura 92MM Espessura 40X Aplicação Laboratório Tampo Compensado Naval Ou Pinus E Envernizado De 4 Componentes 2 Gavetas Com Cadeado,Bancada Profissional Compensado Naval E Aço Espessura 40X Carbono Largura 60MM Altura 92MM Comprimento 200V Aplicação Laboratório Pinus E Envernizado De 2 Gavetas 4 Componentes Com Cadeado Ou Tampo Compensado Naval
191,191,95,95,95,503940,Bancada Profissional Aço Carbono E Compensado Naval Comprimento 200V Largura 60MM Altura 92MM Espessura 40X Aplicação Laboratório Tampo Compensado Naval Ou Pinus E Envernizado De 4 Componentes 2 Gavetas Com Cadeado,Bancada Profissional Compensado Naval E Aço Espessura 40X Carbono Largura 60MM Altura 92MM Comprimento 200V Aplicação Laboratório Pinus E Envernizado De 2 Gavetas 4 Componentes Com Cadeado Ou Tampo Compensado Naval
192,192,96,96,96,501271,"Acoplamento Elástico Poliuretano Modelo Ômega E70m Rexnord Aplicação Bomba D'Água Bipartido, Diãmetro Externo 356mm","Poliuretano Modelo Ômega E70m Acoplamento Elástico Rexnord Bipartido, Diãmetro Externo 356mm Aplicação Bomba D'Água"
193,193,96,96,96,501271,"Acoplamento Elástico Poliuretano Modelo Ômega E70m Rexnord Aplicação Bomba D'Água Bipartido, Diãmetro Externo 356mm","Poliuretano Modelo Ômega E70m Acoplamento Elástico Rexnord Bipartido, Diãmetro Externo 356mm Aplicação Bomba D'Água"
194,194,96,96,96,501271,"Acoplamento Elástico Poliuretano Modelo Ômega E70m Rexnord Aplicação Bomba D'Água Bipartido, Diãmetro Externo 356mm","Poliuretano Modelo Ômega E70m Acoplamento Elástico Rexnord Bipartido, Diãmetro Externo 356mm Aplicação Bomba D'Água"
195,195,97,97,97,501271,"Acoplamento Elástico Poliuretano Modelo Ômega E70m Rexnord Aplicação Bomba D'Água Bipartido, Diãmetro Externo 356mm","Poliuretano Modelo Ômega E70m Acoplamento Elástico Rexnord Bipartido, Diãmetro Externo 356mm Aplicação Bomba D'Água"
196,196,98,98,98,499075,Anticorrosivo Apresentação Líquido Aspecto Físico Líquido Viscoso Composição Aditivos Lubrificantes E Anticorrosivos Outros Componentes Lubrificante,Apresentação Líquido Aspecto Físico Anticorrosivo Composição Aditivos Lubrificantes Líquido Viscoso E Anticorrosivos Componentes Lubrificante Outros
197,197,99,99,99,499075,Anticorrosivo Apresentação Líquido Aspecto Físico Líquido Viscoso Composição Aditivos Lubrificantes E Anticorrosivos Outros Componentes Lubrificante,Apresentação Líquido Aspecto Físico Anticorrosivo Composição Aditivos Lubrificantes Líquido Viscoso E Anticorrosivos Componentes Lubrificante Outros
198,198,99,99,99,499075,Anticorrosivo Apresentação Líquido Aspecto Físico Líquido Viscoso Composição Aditivos Lubrificantes E Anticorrosivos Outros Componentes Lubrificante,Apresentação Líquido Aspecto Físico Anticorrosivo Composição Aditivos Lubrificantes Líquido Viscoso E Anticorrosivos Componentes Lubrificante Outros
199,199,99,99,99,499075,Anticorrosivo Apresentação Líquido Aspecto Físico Líquido Viscoso Composição Aditivos Lubrificantes E Anticorrosivos Outros Componentes Lubrificante,Apresentação Líquido Aspecto Físico Anticorrosivo Composição Aditivos Lubrificantes Líquido Viscoso E Anticorrosivos Componentes Lubrificante Outros
